Circuit Subtype,0
ec0fan003ac1n02x5,16
ec0fan003ac1n05x5,8
ec0fan003ac1n08x5,8
ec0fan003ac2n02x5,12
ec0fan003ac2n05x5,8
ec0fan003ac3n05x5,4
ec0fan003ac4n02x5,4
ec0fan003ac4n05x5,4
ec0fan07bac1d02x5,1555
ec0fan07bac1d03x5,4
ec0fan07bac2d02x5,1802
ec0fan07bac2d03x5,8
ec0fan07bac3d02x5,1443
ec0fan07bac4d02x5,1507
ec0fan203ac1d02x5,1024
ec0fan203ac2d02x5,1036
ec0fan203ac2d03x5,4
ec0fan203ac2d05x5,8
ec0fan203ac3d02x5,1100
ec0fan203ac3d03x5,12
ec0fan203ac3d04x5,4
ec0fan203ac3d05x5,8
ec0fan203ac4d02x5,1180
ec0faw003ab1d02x5,200
ec0faw003ab1d03x5,80
ec0faw003ab1d04x5,20
ec0faw003ab1d06x5,3844
ec0faw003ab1d08x5,28
ec0faw003ab1d16x5,88
ec0faw003ab1n02x5,2229
ec0faw003ab1n03x5,1828
ec0faw003ab1n04x5,2978
ec0faw003ab1n06x5,1812
ec0faw003ab1n08x5,44
ec0faw003ab1n12x5,339
ec0faw003ab1n16x5,627
ec0faw003ab2d02x5,304
ec0faw003ab2d03x5,120
ec0faw003ab2d04x5,4
ec0faw003ab2d06x5,4448
ec0faw003ab2d08x5,28
ec0faw003ab2d12x5,12
ec0faw003ab2d16x5,135
ec0faw003ab2n02x5,2419
ec0faw003ab2n03x5,2915
ec0faw003ab2n04x5,3374
ec0faw003ab2n06x5,1856
ec0faw003ab2n08x5,80
ec0faw003ab2n12x5,324
ec0faw003ab2n16x5,544
ec0faw003ab3d02x5,272
ec0faw003ab3d03x5,120
ec0faw003ab3d04x5,8
ec0faw003ab3d06x5,3878
ec0faw003ab3d08x5,12
ec0faw003ab3d12x5,8
ec0faw003ab3d16x5,68
ec0faw003ab3n02x5,2201
ec0faw003ab3n03x5,2827
ec0faw003ab3n04x5,2819
ec0faw003ab3n06x5,1856
ec0faw003ab3n08x5,44
ec0faw003ab3n12x5,268
ec0faw003ab3n16x5,759
ec0faw003ab4d02x5,312
ec0faw003ab4d03x5,116
ec0faw003ab4d04x5,8
ec0faw003ab4d06x5,4504
ec0faw003ab4d08x5,12
ec0faw003ab4d12x5,12
ec0faw003ab4d16x5,136
ec0faw003ab4n02x5,2171
ec0faw003ab4n03x5,3236
ec0faw003ab4n04x5,3383
ec0faw003ab4n06x5,2032
ec0faw003ab4n08x5,36
ec0faw003ab4n12x5,428
ec0faw003ab4n16x5,690
ec0faw003ac1d02x5,1284
ec0faw003ac1d03x5,172
ec0faw003ac1d04x5,16
ec0faw003ac1d06x5,1581
ec0faw003ac1d08x5,235
ec0faw003ac1d12x5,40
ec0faw003ac1d16x5,63
ec0faw003ac1n02x5,32911
ec0faw003ac1n03x5,8147
ec0faw003ac1n04x5,3418
ec0faw003ac1n06x5,112
ec0faw003ac1n08x5,84
ec0faw003ac1n12x5,84
ec0faw003ac1n16x5,172
ec0faw003ac2d02x5,1556
ec0faw003ac2d03x5,192
ec0faw003ac2d04x5,44
ec0faw003ac2d06x5,2251
ec0faw003ac2d08x5,172
ec0faw003ac2d12x5,48
ec0faw003ac2d16x5,88
ec0faw003ac2n02x5,37399
ec0faw003ac2n03x5,8645
ec0faw003ac2n04x5,2532
ec0faw003ac2n06x5,80
ec0faw003ac2n08x5,128
ec0faw003ac2n12x5,156
ec0faw003ac2n16x5,124
ec0faw003ac3d02x5,1320
ec0faw003ac3d03x5,188
ec0faw003ac3d04x5,56
ec0faw003ac3d06x5,1514
ec0faw003ac3d08x5,128
ec0faw003ac3d12x5,100
ec0faw003ac3d16x5,72
ec0faw003ac3n02x5,33592
ec0faw003ac3n03x5,8261
ec0faw003ac3n04x5,2422
ec0faw003ac3n06x5,104
ec0faw003ac3n08x5,96
ec0faw003ac3n12x5,120
ec0faw003ac3n16x5,156
ec0faw003ac4d02x5,1720
ec0faw003ac4d03x5,204
ec0faw003ac4d04x5,60
ec0faw003ac4d06x5,1984
ec0faw003ac4d08x5,156
ec0faw003ac4d12x5,72
ec0faw003ac4d16x5,88
ec0faw003ac4n02x5,37017
ec0faw003ac4n03x5,9083
ec0faw003ac4n04x5,2696
ec0faw003ac4n06x5,140
ec0faw003ac4n08x5,76
ec0faw003ac4n12x5,108
ec0faw003ac4n16x5,132
ec0faw003al1n02x5,52
ec0faw003al1n03x5,20
ec0faw003al2n02x5,44
ec0faw003al2n03x5,8
ec0faw003al2n04x5,4
ec0faw003an1n03x5,16
ec0faw003an2n03x5,8
ec0faw003xb1n02x5,1692
ec0faw003xb1n03x5,844
ec0faw003xb1n04x5,552
ec0faw003xb2n02x5,2044
ec0faw003xb2n03x5,828
ec0faw003xb2n04x5,548
ec0faw003xb3n02x5,1784
ec0faw003xb3n03x5,800
ec0faw003xb3n04x5,492
ec0faw003xb4n02x5,1896
ec0faw003xb4n03x5,855
ec0faw003xb4n04x5,644
ec0faw003xc1n02x5,97426
ec0faw003xc1n03x5,115360
ec0faw003xc1n04x5,20666
ec0faw003xc2n02x5,104957
ec0faw003xc2n03x5,123344
ec0faw003xc2n04x5,22516
ec0faw003xc3n02x5,97329
ec0faw003xc3n03x5,114699
ec0faw003xc3n04x5,20644
ec0faw003xc4n02x5,105088
ec0faw003xc4n03x5,123133
ec0faw003xc4n04x5,22500
ec0faw003xl1n02x5,784
ec0faw003xl2n02x5,776
ec0faw00cab1d03x5,20
ec0faw00cab1d06x5,4
ec0faw00cab2d02x5,12
ec0faw00cab2d03x5,20
ec0faw00cab2d06x5,8
ec0faw00cab2d16x5,8
ec0faw00cab3d03x5,28
ec0faw00cab3d06x5,12
ec0faw00cab4d02x5,4
ec0faw00cab4d03x5,8
ec0faw00cab4d06x5,4
ec0faw00cac1d02x5,2128
ec0faw00cac1d03x5,196
ec0faw00cac2d02x5,2404
ec0faw00cac2d03x5,232
ec0faw00cac2d06x5,4
ec0faw00cac3d02x5,2196
ec0faw00cac3d03x5,204
ec0faw00cac4d02x5,2204
ec0faw00cac4d03x5,264
ec0faw203ab1d02x5,498
ec0faw203ab1d03x5,746
ec0faw203ab1d04x5,394
ec0faw203ab1d06x5,76
ec0faw203ab1d08x5,40
ec0faw203ab1d12x5,16
ec0faw203ab1d16x5,1841
ec0faw203ab2d02x5,587
ec0faw203ab2d03x5,1144
ec0faw203ab2d04x5,735
ec0faw203ab2d06x5,88
ec0faw203ab2d08x5,79
ec0faw203ab2d12x5,136
ec0faw203ab2d16x5,3020
ec0faw203ab3d02x5,442
ec0faw203ab3d03x5,812
ec0faw203ab3d04x5,327
ec0faw203ab3d06x5,83
ec0faw203ab3d08x5,28
ec0faw203ab3d12x5,111
ec0faw203ab3d16x5,1640
ec0faw203ab4d02x5,527
ec0faw203ab4d03x5,1082
ec0faw203ab4d04x5,608
ec0faw203ab4d06x5,104
ec0faw203ab4d08x5,32
ec0faw203ab4d12x5,144
ec0faw203ab4d16x5,3303
ec0faw203ac1d02x5,82898
ec0faw203ac1d03x5,6026
ec0faw203ac1d04x5,33276
ec0faw203ac1d06x5,52
ec0faw203ac1d08x5,43
ec0faw203ac1d12x5,59
ec0faw203ac1d16x5,115
ec0faw203ac2d02x5,50779
ec0faw203ac2d03x5,9465
ec0faw203ac2d04x5,51165
ec0faw203ac2d06x5,44
ec0faw203ac2d08x5,60
ec0faw203ac2d12x5,67
ec0faw203ac2d16x5,228
ec0faw203ac3d02x5,81825
ec0faw203ac3d03x5,5812
ec0faw203ac3d04x5,32620
ec0faw203ac3d06x5,72
ec0faw203ac3d08x5,27
ec0faw203ac3d12x5,48
ec0faw203ac3d16x5,96
ec0faw203ac4d02x5,51332
ec0faw203ac4d03x5,9342
ec0faw203ac4d04x5,51381
ec0faw203ac4d06x5,60
ec0faw203ac4d08x5,52
ec0faw203ac4d12x5,32
ec0faw203ac4d16x5,380
ec0faw203al1d02x5,148
ec0faw203al1d03x5,168
ec0faw203al2d02x5,104
ec0faw203al2d03x5,100
ec0faw203an1d03x5,4
ec0faw203an2d03x5,12
ec0faw203xb1d02x5,9652
ec0faw203xb1d03x5,1416
ec0faw203xb1d04x5,1180
ec0faw203xb2d02x5,18028
ec0faw203xb2d03x5,2266
ec0faw203xb2d04x5,1892
ec0faw203xb3d02x5,10328
ec0faw203xb3d03x5,1264
ec0faw203xb3d04x5,1003
ec0faw203xb4d02x5,17747
ec0faw203xb4d03x5,2140
ec0faw203xb4d04x5,2451
ec0faw203xc1d02x5,98059
ec0faw203xc1d03x5,13348
ec0faw203xc1d04x5,49243
ec0faw203xc2d02x5,160394
ec0faw203xc2d03x5,21936
ec0faw203xc2d04x5,89496
ec0faw203xc3d02x5,97382
ec0faw203xc3d03x5,14420
ec0faw203xc3d04x5,52200
ec0faw203xc4d02x5,159576
ec0faw203xc4d03x5,22128
ec0faw203xc4d04x5,84879
ec0faw203xl1d02x5,3700
ec0faw203xl1d03x5,376
ec0faw203xl1d04x5,64
ec0faw203xl2d02x5,3516
ec0faw203xl2d03x5,348
ec0faw203xl2d04x5,72
ec0faw203xn1d02x5,404
ec0faw203xn1d03x5,260
ec0faw203xn1d04x5,20
ec0faw203xn2d02x5,448
ec0faw203xn2d03x5,264
ec0faw203xn2d04x5,24
ec0fhw000ab1n20x5,16990
ec0fhw000ab2n20x5,21279
ec0fhw000ab3n20x5,11123
ec0fhw000ab4n20x5,21884
ec0fkn000ab1n02x5,2124
ec0fkn000ab1n03x5,164
ec0fkn000ab1n04x5,402
ec0fkn000ab1n05x5,72
ec0fkn000ab1n06x5,327
ec0fkn000ab1n08x5,143
ec0fkn000ab1n12x5,156
ec0fkn000ab1n16x5,2027
ec0fkn000ab1n24x5,98
ec0fkn000ab1n32x5,48
ec0fkn000ab2n02x5,1968
ec0fkn000ab2n03x5,208
ec0fkn000ab2n04x5,448
ec0fkn000ab2n05x5,72
ec0fkn000ab2n06x5,538
ec0fkn000ab2n08x5,127
ec0fkn000ab2n12x5,412
ec0fkn000ab2n16x5,2674
ec0fkn000ab2n24x5,75
ec0fkn000ab2n32x5,111
ec0fkn000ab3n02x5,2134
ec0fkn000ab3n03x5,176
ec0fkn000ab3n04x5,569
ec0fkn000ab3n05x5,128
ec0fkn000ab3n06x5,571
ec0fkn000ab3n08x5,128
ec0fkn000ab3n12x5,276
ec0fkn000ab3n16x5,2428
ec0fkn000ab3n24x5,56
ec0fkn000ab3n32x5,52
ec0fkn000ab4n02x5,2211
ec0fkn000ab4n03x5,240
ec0fkn000ab4n04x5,465
ec0fkn000ab4n05x5,80
ec0fkn000ab4n06x5,368
ec0fkn000ab4n08x5,116
ec0fkn000ab4n12x5,332
ec0fkn000ab4n16x5,2724
ec0fkn000ab4n24x5,95
ec0fkn000ab4n32x5,48
ec0fkn000ac1n02x5,10823
ec0fkn000ac1n03x5,562
ec0fkn000ac1n04x5,4355
ec0fkn000ac1n05x5,143
ec0fkn000ac1n06x5,416
ec0fkn000ac1n08x5,575
ec0fkn000ac1n12x5,788
ec0fkn000ac1n16x5,2095
ec0fkn000ac1n24x5,36
ec0fkn000ac1n32x5,20
ec0fkn000ac2n02x5,10670
ec0fkn000ac2n03x5,646
ec0fkn000ac2n04x5,5304
ec0fkn000ac2n05x5,124
ec0fkn000ac2n06x5,440
ec0fkn000ac2n08x5,554
ec0fkn000ac2n12x5,732
ec0fkn000ac2n16x5,3131
ec0fkn000ac2n24x5,24
ec0fkn000ac2n32x5,128
ec0fkn000ac3n02x5,10474
ec0fkn000ac3n03x5,517
ec0fkn000ac3n04x5,4779
ec0fkn000ac3n05x5,96
ec0fkn000ac3n06x5,323
ec0fkn000ac3n08x5,556
ec0fkn000ac3n12x5,596
ec0fkn000ac3n16x5,3757
ec0fkn000ac3n24x5,64
ec0fkn000ac3n32x5,48
ec0fkn000ac4n02x5,10725
ec0fkn000ac4n03x5,587
ec0fkn000ac4n04x5,5639
ec0fkn000ac4n05x5,155
ec0fkn000ac4n06x5,520
ec0fkn000ac4n08x5,555
ec0fkn000ac4n12x5,808
ec0fkn000ac4n16x5,3949
ec0fkn000ac4n24x5,72
ec0fkn000ac4n32x5,40
ec0fkn000al1n02x5,4
ec0fkn000al2n03x5,12
ec0fkn000xb1n02x5,7591
ec0fkn000xb1n03x5,536
ec0fkn000xb1n04x5,2821
ec0fkn000xb2n02x5,7533
ec0fkn000xb2n03x5,688
ec0fkn000xb2n04x5,3003
ec0fkn000xb3n02x5,7633
ec0fkn000xb3n03x5,600
ec0fkn000xb3n04x5,2847
ec0fkn000xb4n02x5,7394
ec0fkn000xb4n03x5,724
ec0fkn000xb4n04x5,2774
ec0fkn000xc1n02x5,36334
ec0fkn000xc1n03x5,3600
ec0fkn000xc1n04x5,7038
ec0fkn000xc2n02x5,35173
ec0fkn000xc2n03x5,3376
ec0fkn000xc2n04x5,7074
ec0fkn000xc3n02x5,35415
ec0fkn000xc3n03x5,3020
ec0fkn000xc3n04x5,6817
ec0fkn000xc4n02x5,33423
ec0fkn000xc4n03x5,3063
ec0fkn000xc4n04x5,7102
ec0fkn040ab1d02x5,4
ec0fkn040ab1d03x5,4
ec0fkn040ab1d16x5,4
ec0fkn040ab1n02x5,988
ec0fkn040ab1n06x5,24
ec0fkn040ab2d16x5,12
ec0fkn040ab2n02x5,1192
ec0fkn040ab2n06x5,12
ec0fkn040ab2n16x5,4
ec0fkn040ab3d16x5,4
ec0fkn040ab3n02x5,1020
ec0fkn040ab3n06x5,20
ec0fkn040ab4n02x5,924
ec0fkn040ab4n04x5,111
ec0fkn040ab4n06x5,20
ec0fkn040ab4n16x5,4
ec0fkn040ac1d02x5,325
ec0fkn040ac1d03x5,307
ec0fkn040ac1d04x5,28
ec0fkn040ac1n02x5,4304
ec0fkn040ac1n03x5,210
ec0fkn040ac1n04x5,56
ec0fkn040ac1n06x5,87
ec0fkn040ac1n16x5,63
ec0fkn040ac2d02x5,116
ec0fkn040ac2d03x5,256
ec0fkn040ac2d04x5,24
ec0fkn040ac2d16x5,126
ec0fkn040ac2n02x5,3711
ec0fkn040ac2n03x5,191
ec0fkn040ac2n04x5,32
ec0fkn040ac2n06x5,16
ec0fkn040ac2n16x5,63
ec0fkn040ac3d02x5,96
ec0fkn040ac3d03x5,192
ec0fkn040ac3d04x5,24
ec0fkn040ac3n02x5,3981
ec0fkn040ac3n03x5,139
ec0fkn040ac3n04x5,24
ec0fkn040ac3n06x5,8
ec0fkn040ac3n12x5,8
ec0fkn040ac4d02x5,222
ec0fkn040ac4d03x5,378
ec0fkn040ac4d04x5,48
ec0fkn040ac4n02x5,3680
ec0fkn040ac4n03x5,52
ec0fkn040ac4n04x5,134
ec0fkn040ac4n06x5,32
ec0fkn040ac4n12x5,8
ec0fkn040ac4n16x5,63
ec0fkn043ab1n02x5,8
ec0fkn043ab1n03x5,8
ec0fkn043ab2n02x5,44
ec0fkn043ab2n03x5,8
ec0fkn043ab2n08x5,4
ec0fkn043ab2n12x5,8
ec0fkn043ab3n02x5,24
ec0fkn043ab3n03x5,12
ec0fkn043ab3n12x5,16
ec0fkn043ab4n02x5,52
ec0fkn043ab4n03x5,8
ec0fkn043ab4n12x5,4
ec0fkn043ac1n02x5,10057
ec0fkn043ac1n03x5,1352
ec0fkn043ac1n04x5,44
ec0fkn043ac1n06x5,12
ec0fkn043ac1n12x5,20
ec0fkn043ac2n02x5,10724
ec0fkn043ac2n03x5,1826
ec0fkn043ac2n04x5,67
ec0fkn043ac2n06x5,4
ec0fkn043ac2n12x5,8
ec0fkn043ac3n02x5,10050
ec0fkn043ac3n03x5,1105
ec0fkn043ac3n04x5,48
ec0fkn043ac3n06x5,8
ec0fkn043ac3n12x5,12
ec0fkn043ac4n02x5,11453
ec0fkn043ac4n03x5,1604
ec0fkn043ac4n04x5,68
ec0fkn043ac4n06x5,8
ec0fkn080ac1n02x5,88
ec0fkn080ac2n02x5,132
ec0fkn080ac3n02x5,104
ec0fkn080ac3n03x5,4
ec0fkn080ac4n02x5,144
ec0fkn200ab1d02x5,191
ec0fkn200ab1d03x5,32
ec0fkn200ab1d04x5,64
ec0fkn200ab1d08x5,28
ec0fkn200ab1d12x5,48
ec0fkn200ab1d16x5,213
ec0fkn200ab1d24x5,39
ec0fkn200ab2d02x5,132
ec0fkn200ab2d03x5,100
ec0fkn200ab2d04x5,48
ec0fkn200ab2d06x5,8
ec0fkn200ab2d08x5,20
ec0fkn200ab2d12x5,99
ec0fkn200ab2d16x5,140
ec0fkn200ab2d24x5,31
ec0fkn200ab3d02x5,132
ec0fkn200ab3d03x5,32
ec0fkn200ab3d04x5,32
ec0fkn200ab3d06x5,8
ec0fkn200ab3d08x5,28
ec0fkn200ab3d12x5,64
ec0fkn200ab3d16x5,239
ec0fkn200ab3d24x5,47
ec0fkn200ab4d02x5,256
ec0fkn200ab4d03x5,72
ec0fkn200ab4d04x5,52
ec0fkn200ab4d08x5,36
ec0fkn200ab4d12x5,80
ec0fkn200ab4d16x5,204
ec0fkn200ab4d24x5,24
ec0fkn200ac1d02x5,2525
ec0fkn200ac1d03x5,96
ec0fkn200ac1d04x5,885
ec0fkn200ac1d05x5,87
ec0fkn200ac1d06x5,4
ec0fkn200ac1d08x5,32
ec0fkn200ac1d12x5,8
ec0fkn200ac1d16x5,72
ec0fkn200ac2d02x5,3473
ec0fkn200ac2d03x5,152
ec0fkn200ac2d04x5,1216
ec0fkn200ac2d05x5,12
ec0fkn200ac2d06x5,8
ec0fkn200ac2d08x5,40
ec0fkn200ac2d12x5,24
ec0fkn200ac2d16x5,24
ec0fkn200ac3d02x5,3055
ec0fkn200ac3d03x5,199
ec0fkn200ac3d04x5,995
ec0fkn200ac3d05x5,8
ec0fkn200ac3d08x5,28
ec0fkn200ac3d12x5,16
ec0fkn200ac3d16x5,24
ec0fkn200ac4d02x5,4155
ec0fkn200ac4d03x5,176
ec0fkn200ac4d04x5,1124
ec0fkn200ac4d05x5,16
ec0fkn200ac4d06x5,4
ec0fkn200ac4d08x5,28
ec0fkn200ac4d12x5,24
ec0fkn200ac4d16x5,16
ec0fkn200ac4d24x5,4
ec0fkn200xb1d02x5,538
ec0fkn200xb1d04x5,184
ec0fkn200xb2d02x5,660
ec0fkn200xb2d03x5,32
ec0fkn200xb2d04x5,209
ec0fkn200xb3d02x5,425
ec0fkn200xb3d03x5,164
ec0fkn200xb3d04x5,83
ec0fkn200xb4d02x5,545
ec0fkn200xb4d03x5,136
ec0fkn200xb4d04x5,264
ec0fkn200xc1d02x5,16096
ec0fkn200xc1d03x5,2743
ec0fkn200xc1d04x5,16135
ec0fkn200xc2d02x5,15797
ec0fkn200xc2d03x5,3004
ec0fkn200xc2d04x5,17851
ec0fkn200xc3d02x5,14670
ec0fkn200xc3d03x5,3153
ec0fkn200xc3d04x5,17336
ec0fkn200xc4d02x5,14663
ec0fkn200xc4d03x5,2840
ec0fkn200xc4d04x5,16067
ec0fkn240ab1d02x5,20
ec0fkn240ab1d04x5,4
ec0fkn240ab2d02x5,4
ec0fkn240ab2d04x5,16
ec0fkn240ab3d02x5,12
ec0fkn240ab3d04x5,12
ec0fkn240ab4d04x5,4
ec0fkn240ac1d02x5,1513
ec0fkn240ac1d03x5,86
ec0fkn240ac1d04x5,796
ec0fkn240ac2d02x5,260
ec0fkn240ac2d04x5,2153
ec0fkn240ac3d02x5,512
ec0fkn240ac3d04x5,1484
ec0fkn240ac4d02x5,284
ec0fkn240ac4d04x5,2186
ec0fkw040ab1d02x5,12
ec0fkw040ab1d04x5,4
ec0fkw040ab1d16x5,4
ec0fkw040ab1n02x5,44
ec0fkw040ab1n04x5,20
ec0fkw040ab1n06x5,24
ec0fkw040ab2d02x5,4
ec0fkw040ab2d04x5,8
ec0fkw040ab2d12x5,4
ec0fkw040ab2d16x5,20
ec0fkw040ab2n02x5,40
ec0fkw040ab2n04x5,4
ec0fkw040ab2n06x5,28
ec0fkw040ab3d02x5,8
ec0fkw040ab3d04x5,12
ec0fkw040ab3d16x5,8
ec0fkw040ab3n02x5,12
ec0fkw040ab3n06x5,12
ec0fkw040ab3n12x5,4
ec0fkw040ab4d02x5,8
ec0fkw040ab4d16x5,12
ec0fkw040ab4n02x5,16
ec0fkw040ab4n03x5,12
ec0fkw040ab4n04x5,4
ec0fkw040ab4n06x5,4
ec0fkw040ac1d02x5,12
ec0fkw040ac1d06x5,4
ec0fkw040ac1d16x5,36
ec0fkw040ac1n02x5,275
ec0fkw040ac1n03x5,20
ec0fkw040ac1n04x5,24
ec0fkw040ac1n06x5,20
ec0fkw040ac1n12x5,8
ec0fkw040ac1n16x5,8
ec0fkw040ac2d02x5,36
ec0fkw040ac2d03x5,8
ec0fkw040ac2d04x5,16
ec0fkw040ac2d06x5,4
ec0fkw040ac2d16x5,44
ec0fkw040ac2n02x5,244
ec0fkw040ac2n03x5,24
ec0fkw040ac2n04x5,8
ec0fkw040ac2n06x5,40
ec0fkw040ac2n16x5,4
ec0fkw040ac3d02x5,48
ec0fkw040ac3d03x5,4
ec0fkw040ac3d04x5,4
ec0fkw040ac3d06x5,4
ec0fkw040ac3d16x5,40
ec0fkw040ac3n02x5,324
ec0fkw040ac3n03x5,48
ec0fkw040ac3n04x5,24
ec0fkw040ac3n06x5,44
ec0fkw040ac3n16x5,4
ec0fkw040ac4d02x5,52
ec0fkw040ac4d04x5,8
ec0fkw040ac4d06x5,96
ec0fkw040ac4d12x5,24
ec0fkw040ac4d16x5,16
ec0fkw040ac4n02x5,304
ec0fkw040ac4n03x5,24
ec0fkw040ac4n04x5,32
ec0fkw040ac4n06x5,36
ec0fkw040ac4n12x5,4
ec0fkw043ab1n02x5,1024
ec0fkw043ab1n03x5,116
ec0fkw043ab1n04x5,4
ec0fkw043ab1n06x5,4
ec0fkw043ab1n08x5,20
ec0fkw043ab1n12x5,24
ec0fkw043ab2n02x5,952
ec0fkw043ab2n03x5,152
ec0fkw043ab2n04x5,8
ec0fkw043ab2n06x5,4
ec0fkw043ab2n08x5,16
ec0fkw043ab2n12x5,48
ec0fkw043ab3n02x5,968
ec0fkw043ab3n03x5,72
ec0fkw043ab3n04x5,4
ec0fkw043ab3n06x5,4
ec0fkw043ab3n08x5,32
ec0fkw043ab3n12x5,80
ec0fkw043ab4n02x5,964
ec0fkw043ab4n03x5,132
ec0fkw043ab4n04x5,28
ec0fkw043ab4n08x5,16
ec0fkw043ab4n12x5,36
ec0fkw043ac1n02x5,8732
ec0fkw043ac1n03x5,728
ec0fkw043ac1n04x5,2112
ec0fkw043ac1n06x5,240
ec0fkw043ac1n08x5,28
ec0fkw043ac1n12x5,12
ec0fkw043ac2n02x5,8616
ec0fkw043ac2n03x5,660
ec0fkw043ac2n04x5,2196
ec0fkw043ac2n06x5,72
ec0fkw043ac2n08x5,12
ec0fkw043ac2n12x5,60
ec0fkw043ac3n02x5,8224
ec0fkw043ac3n03x5,668
ec0fkw043ac3n04x5,1912
ec0fkw043ac3n06x5,100
ec0fkw043ac3n08x5,28
ec0fkw043ac3n12x5,68
ec0fkw043ac4n02x5,8748
ec0fkw043ac4n03x5,776
ec0fkw043ac4n04x5,2720
ec0fkw043ac4n06x5,68
ec0fkw043ac4n08x5,12
ec0fkw043ac4n12x5,44
ec0fkw240ab1d02x5,732
ec0fkw240ab1d03x5,68
ec0fkw240ab1d04x5,216
ec0fkw240ab1d06x5,44
ec0fkw240ab1d12x5,588
ec0fkw240ab1d16x5,208
ec0fkw240ab2d02x5,876
ec0fkw240ab2d03x5,160
ec0fkw240ab2d04x5,384
ec0fkw240ab2d06x5,24
ec0fkw240ab2d12x5,668
ec0fkw240ab2d16x5,284
ec0fkw240ab3d02x5,748
ec0fkw240ab3d03x5,60
ec0fkw240ab3d04x5,280
ec0fkw240ab3d06x5,20
ec0fkw240ab3d12x5,632
ec0fkw240ab3d16x5,220
ec0fkw240ab4d02x5,884
ec0fkw240ab4d03x5,152
ec0fkw240ab4d04x5,408
ec0fkw240ab4d06x5,60
ec0fkw240ab4d12x5,764
ec0fkw240ab4d16x5,272
ec0fkw240ac1d02x5,8381
ec0fkw240ac1d03x5,1354
ec0fkw240ac1d04x5,188
ec0fkw240ac1d06x5,276
ec0fkw240ac1d12x5,6288
ec0fkw240ac1d16x5,8
ec0fkw240ac2d02x5,10448
ec0fkw240ac2d03x5,2096
ec0fkw240ac2d04x5,276
ec0fkw240ac2d06x5,296
ec0fkw240ac2d12x5,6192
ec0fkw240ac2d16x5,20
ec0fkw240ac3d02x5,7697
ec0fkw240ac3d03x5,1188
ec0fkw240ac3d04x5,212
ec0fkw240ac3d06x5,276
ec0fkw240ac3d12x5,6028
ec0fkw240ac3d16x5,12
ec0fkw240ac4d02x5,9546
ec0fkw240ac4d03x5,1759
ec0fkw240ac4d04x5,252
ec0fkw240ac4d06x5,264
ec0fkw240ac4d12x5,6324
ec0fkw240ac4d16x5,12
ec0fmw203ab1d08x5,63
ec0fmw203ab1n04x5,19342
ec0fmw203ab2d08x5,127
ec0fmw203ab2n04x5,27457
ec0fmw203ab3d08x5,52
ec0fmw203ab3n04x5,25559
ec0fmw203ab4d08x5,112
ec0fmw203ab4n04x5,27842
ec0fmw203ac1d08x5,112
ec0fmw203ac1n04x5,35347
ec0fmw203ac2d08x5,83
ec0fmw203ac2n04x5,34022
ec0fmw203ac3d08x5,71
ec0fmw203ac3n04x5,27656
ec0fmw203ac4d08x5,107
ec0fmw203ac4n04x5,34394
ec0fmw203al1n04x5,884
ec0fmw203al2n04x5,732
ec0fmw203an1n04x5,36
ec0fmw203an2n04x5,20
ec0fmw20cab1d08x5,8
ec0fmw20cab1n04x5,1105
ec0fmw20cab2d08x5,4
ec0fmw20cab2n04x5,1509
ec0fmw20cab3d08x5,4
ec0fmw20cab3n04x5,1329
ec0fmw20cab4d08x5,20
ec0fmw20cab4n04x5,1433
ec0fmw20cac1n04x5,2152
ec0fmw20cac2n04x5,2203
ec0fmw20cac3n04x5,1868
ec0fmw20cac4n04x5,2134
ec0fmw20cal1n04x5,36
ec0fmw20cal2n04x5,44
ec0fmw300ab1d04x5,112
ec0fmw300ab2d04x5,136
ec0fmw300ab3d04x5,104
ec0fmw300ab4d04x5,164
ec0fmw300ac1d04x5,24
ec0fmw300ac2d04x5,28
ec0fmw300ac3d04x5,8
ec0fmw300ac4d04x5,36
ec0fmw303ab1d04x5,68
ec0fmw303ab2d04x5,68
ec0fmw303ab3d04x5,52
ec0fmw303ab4d04x5,48
ec0fmw303ac1d04x5,28
ec0fmw303ac2d04x5,20
ec0fmw303ac3d04x5,16
ec0fmw303ac4d04x5,36
ec0fmw30cab1d04x5,4
ec0fmw30cab2d04x5,16
ec0fmw30cab3d04x5,16
ec0fmw30cab4d04x5,24
ec0fmw30cac1d04x5,16
ec0fmw30cac2d04x5,16
ec0fmw30cac3d04x5,4
ec0fsn000ab1n02x3,8
ec0fsn000ab1n02x5,312
ec0fsn000ab1n03x3,8
ec0fsn000ab1n04x5,4
ec0fsn000ab2n02x5,412
ec0fsn000ab3n02x5,248
ec0fsn000ab4n02x5,360
ec0fsn000ac1d02x5,8
ec0fsn000ac1n02x5,6532
ec0fsn000ac2d02x5,4
ec0fsn000ac2d08x5,4
ec0fsn000ac2n02x5,6596
ec0fsn000ac2n04x5,8
ec0fsn000ac3d02x5,8
ec0fsn000ac3n02x5,6588
ec0fsn000ac3n03x3,4
ec0fsn000ac3n06x5,4
ec0fsn000ac4d02x5,8
ec0fsn000ac4n02x5,6384
ec0fsn000ac4n06x5,4
ec0fsn000xb2n05x5,4
ec0fsn000xb4n05x5,4
ec0fsn080ab2n03x5,4
ec0fsn080ab3n03x5,4
ec0fsn080ac1n03x5,196
ec0fsn080ac2n03x5,104
ec0fsn080ac3n03x5,172
ec0fsn080ac4n03x5,108
ec0fsn200ac1d02x3,24
ec0fsn200ac1d02x5,4
ec0fsn200ac2d02x3,4
ec0fsn200ac3d02x5,4
ec0fsn200ac4d02x3,4
ec0fsn200xc1d03x5,4
ec0fsn200xc2d02x5,4
ec0fsn200xc4d02x5,4
ec0fsn200xc4d03x5,8
ec0fsw000ab1n02x5,896
ec0fsw000ab1n03x5,720
ec0fsw000ab1n04x5,1873
ec0fsw000ab1n05x5,968
ec0fsw000ab1n06x5,4393
ec0fsw000ab1n08x5,510
ec0fsw000ab1n12x5,320
ec0fsw000ab1n16x5,6793
ec0fsw000ab1n24x5,931
ec0fsw000ab1n32x5,1521
ec0fsw000ab2n02x5,970
ec0fsw000ab2n03x5,696
ec0fsw000ab2n04x5,1751
ec0fsw000ab2n05x5,844
ec0fsw000ab2n06x5,3801
ec0fsw000ab2n08x5,666
ec0fsw000ab2n12x5,466
ec0fsw000ab2n16x5,6198
ec0fsw000ab2n24x5,2599
ec0fsw000ab2n32x5,2651
ec0fsw000ab3n02x5,774
ec0fsw000ab3n03x5,811
ec0fsw000ab3n04x5,1279
ec0fsw000ab3n05x5,1179
ec0fsw000ab3n06x5,4195
ec0fsw000ab3n08x5,1574
ec0fsw000ab3n12x5,1050
ec0fsw000ab3n16x5,5770
ec0fsw000ab3n24x5,1721
ec0fsw000ab3n32x5,3825
ec0fsw000ab4n02x5,744
ec0fsw000ab4n03x5,1022
ec0fsw000ab4n04x5,1739
ec0fsw000ab4n05x5,1148
ec0fsw000ab4n06x5,4016
ec0fsw000ab4n08x5,1269
ec0fsw000ab4n12x5,654
ec0fsw000ab4n16x5,6505
ec0fsw000ab4n24x5,3794
ec0fsw000ab4n32x5,5228
ec0fsw000ac1n02x5,14725
ec0fsw000ac1n03x5,4422
ec0fsw000ac1n04x5,5716
ec0fsw000ac1n05x5,2927
ec0fsw000ac1n06x5,4296
ec0fsw000ac1n08x5,2461
ec0fsw000ac1n12x5,1832
ec0fsw000ac1n16x5,2986
ec0fsw000ac1n24x5,1885
ec0fsw000ac1n32x5,2094
ec0fsw000ac2n02x5,14938
ec0fsw000ac2n03x5,4257
ec0fsw000ac2n04x5,5559
ec0fsw000ac2n05x5,3006
ec0fsw000ac2n06x5,3746
ec0fsw000ac2n08x5,1276
ec0fsw000ac2n12x5,1026
ec0fsw000ac2n16x5,966
ec0fsw000ac2n24x5,566
ec0fsw000ac2n32x5,599
ec0fsw000ac3n02x5,14400
ec0fsw000ac3n03x5,3906
ec0fsw000ac3n04x5,5845
ec0fsw000ac3n05x5,3082
ec0fsw000ac3n06x5,3269
ec0fsw000ac3n08x5,1298
ec0fsw000ac3n12x5,1291
ec0fsw000ac3n16x5,1242
ec0fsw000ac3n24x5,760
ec0fsw000ac3n32x5,952
ec0fsw000ac4n02x5,14395
ec0fsw000ac4n03x5,4865
ec0fsw000ac4n04x5,5827
ec0fsw000ac4n05x5,2917
ec0fsw000ac4n06x5,3816
ec0fsw000ac4n08x5,1743
ec0fsw000ac4n12x5,1395
ec0fsw000ac4n16x5,1548
ec0fsw000ac4n24x5,1741
ec0fsw000ac4n32x5,1216
ec0fsw000xb1n02x5,1236
ec0fsw000xb1n03x5,181
ec0fsw000xb1n04x5,877
ec0fsw000xb2n02x5,1176
ec0fsw000xb2n03x5,187
ec0fsw000xb2n04x5,923
ec0fsw000xb3n02x5,1056
ec0fsw000xb3n03x5,179
ec0fsw000xb3n04x5,867
ec0fsw000xb4n02x5,1100
ec0fsw000xb4n03x5,267
ec0fsw000xb4n04x5,860
ec0fsw000xc1n02x5,15897
ec0fsw000xc1n03x5,3217
ec0fsw000xc1n04x5,1767
ec0fsw000xc2n02x5,14277
ec0fsw000xc2n03x5,3216
ec0fsw000xc2n04x5,1677
ec0fsw000xc3n02x5,14148
ec0fsw000xc3n03x5,3482
ec0fsw000xc3n04x5,1511
ec0fsw000xc4n02x5,14008
ec0fsw000xc4n03x5,3762
ec0fsw000xc4n04x5,1655
ec0fsw080ab1n03x5,4
ec0fsw080ac1n03x5,8
ec0fsw080ac2n06x5,4
ec0fsw080ac4n03x5,8
ec0fsw080ac4n06x5,8
ec0fsw200ab1d02x5,3170
ec0fsw200ab1d03x5,3020
ec0fsw200ab1d04x5,2721
ec0fsw200ab1d05x5,237
ec0fsw200ab1d06x5,1123
ec0fsw200ab1d08x5,201
ec0fsw200ab1d12x5,355
ec0fsw200ab1d16x5,5065
ec0fsw200ab1d24x5,628
ec0fsw200ab1d32x5,467
ec0fsw200ab2d02x5,3450
ec0fsw200ab2d03x5,2508
ec0fsw200ab2d04x5,2035
ec0fsw200ab2d05x5,164
ec0fsw200ab2d06x5,895
ec0fsw200ab2d08x5,140
ec0fsw200ab2d12x5,336
ec0fsw200ab2d16x5,4532
ec0fsw200ab2d24x5,642
ec0fsw200ab2d32x5,1395
ec0fsw200ab3d02x5,3411
ec0fsw200ab3d03x5,2907
ec0fsw200ab3d04x5,1951
ec0fsw200ab3d05x5,169
ec0fsw200ab3d06x5,852
ec0fsw200ab3d08x5,178
ec0fsw200ab3d12x5,504
ec0fsw200ab3d16x5,4751
ec0fsw200ab3d24x5,721
ec0fsw200ab3d32x5,550
ec0fsw200ab4d02x5,3606
ec0fsw200ab4d03x5,2696
ec0fsw200ab4d04x5,1752
ec0fsw200ab4d05x5,84
ec0fsw200ab4d06x5,919
ec0fsw200ab4d08x5,136
ec0fsw200ab4d12x5,401
ec0fsw200ab4d16x5,4688
ec0fsw200ab4d24x5,764
ec0fsw200ab4d32x5,1217
ec0fsw200ac1d02x5,45187
ec0fsw200ac1d03x5,18352
ec0fsw200ac1d04x5,46740
ec0fsw200ac1d05x5,44
ec0fsw200ac1d06x5,176
ec0fsw200ac1d08x5,94
ec0fsw200ac1d12x5,194
ec0fsw200ac1d16x5,508
ec0fsw200ac1d24x5,165
ec0fsw200ac1d32x5,8
ec0fsw200ac2d02x5,52997
ec0fsw200ac2d03x5,22220
ec0fsw200ac2d04x5,46225
ec0fsw200ac2d05x5,64
ec0fsw200ac2d06x5,135
ec0fsw200ac2d08x5,43
ec0fsw200ac2d12x5,197
ec0fsw200ac2d16x5,458
ec0fsw200ac2d24x5,222
ec0fsw200ac2d32x5,32
ec0fsw200ac3d02x5,43623
ec0fsw200ac3d03x5,19321
ec0fsw200ac3d04x5,45067
ec0fsw200ac3d05x5,76
ec0fsw200ac3d06x5,151
ec0fsw200ac3d08x5,56
ec0fsw200ac3d12x5,131
ec0fsw200ac3d16x5,546
ec0fsw200ac3d24x5,88
ec0fsw200ac3d32x5,28
ec0fsw200ac4d02x5,55128
ec0fsw200ac4d03x5,22671
ec0fsw200ac4d04x5,43455
ec0fsw200ac4d05x5,40
ec0fsw200ac4d06x5,163
ec0fsw200ac4d08x5,36
ec0fsw200ac4d12x5,162
ec0fsw200ac4d16x5,483
ec0fsw200ac4d24x5,103
ec0fsw200ac4d32x5,16
ec0fsw200xb1d02x5,15330
ec0fsw200xb1d03x5,5115
ec0fsw200xb1d04x5,4561
ec0fsw200xb2d02x5,21381
ec0fsw200xb2d03x5,7043
ec0fsw200xb2d04x5,6676
ec0fsw200xb3d02x5,15348
ec0fsw200xb3d03x5,4721
ec0fsw200xb3d04x5,4221
ec0fsw200xb4d02x5,21696
ec0fsw200xb4d03x5,7225
ec0fsw200xb4d04x5,6698
ec0fsw200xc1d02x5,106306
ec0fsw200xc1d03x5,24686
ec0fsw200xc1d04x5,127488
ec0fsw200xc2d02x5,144669
ec0fsw200xc2d03x5,34380
ec0fsw200xc2d04x5,183666
ec0fsw200xc3d02x5,102662
ec0fsw200xc3d03x5,23632
ec0fsw200xc3d04x5,126028
ec0fsw200xc4d02x5,145242
ec0fsw200xc4d03x5,34126
ec0fsw200xc4d04x5,186258
ec0fsw200xl1d02x5,80
ec0fsw200xl2d02x5,40
ec0fsw200xn1d02x5,4
ec0fun000xb1n02x5,4600
ec0fun000xb1n03x5,876
ec0fun000xb1n04x5,1976
ec0fun000xb2n02x5,3800
ec0fun000xb2n03x5,752
ec0fun000xb2n04x5,2124
ec0fun000xb3n02x5,4288
ec0fun000xb3n03x5,816
ec0fun000xb3n04x5,1988
ec0fun000xb4n02x5,4164
ec0fun000xb4n03x5,736
ec0fun000xb4n04x5,2108
ec0fun000xc1n02x5,33512
ec0fun000xc1n03x5,2352
ec0fun000xc1n04x5,8204
ec0fun000xc2n02x5,32140
ec0fun000xc2n03x5,2496
ec0fun000xc2n04x5,8296
ec0fun000xc3n02x5,32172
ec0fun000xc3n03x5,2376
ec0fun000xc3n04x5,8476
ec0fun000xc4n02x5,31952
ec0fun000xc4n03x5,2136
ec0fun000xc4n04x5,8164
ec0fun040xb1n02x5,96
ec0fun040xb1n03x5,48
ec0fun040xb1n04x5,208
ec0fun040xb2n02x5,48
ec0fun040xb2n03x5,4
ec0fun040xb2n04x5,184
ec0fun040xb3n02x5,96
ec0fun040xb3n04x5,272
ec0fun040xb4n02x5,80
ec0fun040xb4n04x5,272
ec0fun040xc1n02x3,24
ec0fun040xc1n02x5,38142
ec0fun040xc1n03x5,116
ec0fun040xc1n04x5,4810
ec0fun040xc2n02x3,16
ec0fun040xc2n02x5,37139
ec0fun040xc2n03x5,164
ec0fun040xc2n04x5,3559
ec0fun040xc3n02x3,24
ec0fun040xc3n02x5,37915
ec0fun040xc3n03x5,155
ec0fun040xc3n04x5,3642
ec0fun040xc4n02x3,28
ec0fun040xc4n02x5,39171
ec0fun040xc4n03x5,84
ec0fun040xc4n04x5,4038
ec0fun200xb1d02x3,1564
ec0fun200xb1d02x5,328
ec0fun200xb1d03x3,140
ec0fun200xb1d04x3,28
ec0fun200xb1d04x5,56
ec0fun200xb2d02x3,1492
ec0fun200xb2d02x5,308
ec0fun200xb2d03x3,132
ec0fun200xb2d04x3,24
ec0fun200xb2d04x5,20
ec0fun200xb3d02x3,1552
ec0fun200xb3d02x5,356
ec0fun200xb3d03x3,124
ec0fun200xb3d04x3,32
ec0fun200xb3d04x5,52
ec0fun200xb4d02x3,1472
ec0fun200xb4d02x5,356
ec0fun200xb4d03x3,252
ec0fun200xb4d04x3,48
ec0fun200xb4d04x5,16
ec0fun200xc1d02x3,6308
ec0fun200xc1d02x5,1908
ec0fun200xc1d03x3,672
ec0fun200xc1d03x5,56
ec0fun200xc1d04x3,500
ec0fun200xc1d04x5,716
ec0fun200xc2d02x3,6340
ec0fun200xc2d02x5,1608
ec0fun200xc2d03x3,748
ec0fun200xc2d03x5,84
ec0fun200xc2d04x3,572
ec0fun200xc2d04x5,592
ec0fun200xc3d02x3,6352
ec0fun200xc3d02x5,1556
ec0fun200xc3d03x3,844
ec0fun200xc3d03x5,88
ec0fun200xc3d04x3,480
ec0fun200xc3d04x5,852
ec0fun200xc4d02x3,5644
ec0fun200xc4d02x5,1772
ec0fun200xc4d03x3,848
ec0fun200xc4d03x5,84
ec0fun200xc4d04x3,564
ec0fun200xc4d04x5,780
ec0fun240xb1d03x3,4
ec0fun240xb1d04x5,436
ec0fun240xb2d04x5,392
ec0fun240xb3d02x3,16
ec0fun240xb3d04x5,428
ec0fun240xb4d02x3,24
ec0fun240xb4d04x5,488
ec0fun240xc1d02x3,724
ec0fun240xc1d02x5,136
ec0fun240xc1d03x3,4
ec0fun240xc1d04x3,4
ec0fun240xc1d04x5,152
ec0fun240xc2d02x3,900
ec0fun240xc2d02x5,112
ec0fun240xc2d03x3,8
ec0fun240xc2d04x3,4
ec0fun240xc2d04x5,112
ec0fun240xc3d02x3,724
ec0fun240xc3d02x5,92
ec0fun240xc3d04x3,4
ec0fun240xc3d04x5,72
ec0fun240xc4d02x3,908
ec0fun240xc4d02x5,88
ec0fun240xc4d04x3,12
ec0fun240xc4d04x5,96
ec0fuy000ab1n02x3,272
ec0fuy000ab1n02x5,303
ec0fuy000ab1n04x3,1188
ec0fuy000ab1n04x5,1557
ec0fuy000ab1n08x5,308
ec0fuy000ab1n16x5,160
ec0fuy000ab2n02x3,4
ec0fuy000ab2n02x5,246
ec0fuy000ab2n04x3,48
ec0fuy000ab2n04x5,1387
ec0fuy000ab2n08x5,40
ec0fuy000ab2n16x5,148
ec0fuy000ab3n02x5,224
ec0fuy000ab3n04x3,16
ec0fuy000ab3n04x5,1149
ec0fuy000ab3n08x5,80
ec0fuy000ab3n16x5,140
ec0fuy000ab4n02x3,8
ec0fuy000ab4n02x5,362
ec0fuy000ab4n04x3,28
ec0fuy000ab4n04x5,1287
ec0fuy000ab4n08x5,76
ec0fuy000ab4n16x5,144
ec0fuy000ac1n02x3,3304
ec0fuy000ac1n02x5,2418
ec0fuy000ac1n04x3,744
ec0fuy000ac1n04x5,2034
ec0fuy000ac1n08x5,500
ec0fuy000ac1n16x5,188
ec0fuy000ac2n02x3,3368
ec0fuy000ac2n02x5,2492
ec0fuy000ac2n04x3,724
ec0fuy000ac2n04x5,1856
ec0fuy000ac2n08x5,448
ec0fuy000ac2n16x5,184
ec0fuy000ac3n02x3,3036
ec0fuy000ac3n02x5,2373
ec0fuy000ac3n04x3,740
ec0fuy000ac3n04x5,2104
ec0fuy000ac3n08x5,468
ec0fuy000ac3n16x5,162
ec0fuy000ac4n02x3,3160
ec0fuy000ac4n02x5,2166
ec0fuy000ac4n04x3,688
ec0fuy000ac4n04x5,1921
ec0fuy000ac4n08x5,476
ec0fuy000ac4n16x5,172
ec0fuy000xb1n02x3,1464
ec0fuy000xb1n02x5,9354
ec0fuy000xb1n03x3,12
ec0fuy000xb1n03x5,472
ec0fuy000xb1n04x3,68
ec0fuy000xb1n04x5,12411
ec0fuy000xb2n02x3,32
ec0fuy000xb2n02x5,8776
ec0fuy000xb2n03x3,4
ec0fuy000xb2n03x5,576
ec0fuy000xb2n04x3,76
ec0fuy000xb2n04x5,11667
ec0fuy000xb3n02x3,28
ec0fuy000xb3n02x5,8849
ec0fuy000xb3n03x3,4
ec0fuy000xb3n03x5,644
ec0fuy000xb3n04x3,100
ec0fuy000xb3n04x5,12705
ec0fuy000xb4n02x3,28
ec0fuy000xb4n02x5,9291
ec0fuy000xb4n03x3,12
ec0fuy000xb4n03x5,672
ec0fuy000xb4n04x3,76
ec0fuy000xb4n04x5,11954
ec0fuy000xc1n02x3,7780
ec0fuy000xc1n02x5,71526
ec0fuy000xc1n03x3,736
ec0fuy000xc1n03x5,3340
ec0fuy000xc1n04x3,224
ec0fuy000xc1n04x5,29660
ec0fuy000xc2n02x3,7504
ec0fuy000xc2n02x5,67201
ec0fuy000xc2n03x3,828
ec0fuy000xc2n03x5,3080
ec0fuy000xc2n04x3,200
ec0fuy000xc2n04x5,28694
ec0fuy000xc3n02x3,7516
ec0fuy000xc3n02x5,67248
ec0fuy000xc3n03x3,884
ec0fuy000xc3n03x5,2968
ec0fuy000xc3n04x3,244
ec0fuy000xc3n04x5,28584
ec0fuy000xc4n02x3,7256
ec0fuy000xc4n02x5,65941
ec0fuy000xc4n03x3,676
ec0fuy000xc4n03x5,3288
ec0fuy000xc4n04x3,192
ec0fuy000xc4n04x5,28287
ec0fuy040ab1d02x3,16
ec0fuy040ab1d02x5,8
ec0fuy040ab1d04x5,20
ec0fuy040ab1d16x5,8
ec0fuy040ab2d02x3,4
ec0fuy040ab2d02x5,4
ec0fuy040ab2d04x5,8
ec0fuy040ab2d08x5,4
ec0fuy040ab2d16x5,12
ec0fuy040ab4d02x5,4
ec0fuy040ab4d16x5,16
ec0fuy040ac1d02x3,24
ec0fuy040ac1d02x5,12
ec0fuy040ac1d04x5,12
ec0fuy040ac1d08x5,8
ec0fuy040ac1d16x5,72
ec0fuy040ac2d02x3,16
ec0fuy040ac2d02x5,32
ec0fuy040ac2d04x5,36
ec0fuy040ac2d08x5,4
ec0fuy040ac3d02x3,8
ec0fuy040ac3d02x5,16
ec0fuy040ac3d04x3,4
ec0fuy040ac3d04x5,52
ec0fuy040ac3d16x5,16
ec0fuy040ac4d02x3,8
ec0fuy040ac4d02x5,32
ec0fuy040ac4d04x3,4
ec0fuy040ac4d04x5,48
ec0fuy040ac4d08x5,4
ec0fuy040ac4d16x5,20
ec0fuy040xb1n02x3,8
ec0fuy040xb1n02x5,104
ec0fuy040xb1n04x5,12
ec0fuy040xb2n02x5,128
ec0fuy040xb2n04x5,60
ec0fuy040xb3n02x5,84
ec0fuy040xb3n03x5,4
ec0fuy040xb3n04x5,16
ec0fuy040xb4n02x5,72
ec0fuy040xb4n04x3,4
ec0fuy040xb4n04x5,32
ec0fuy040xc1n02x3,536
ec0fuy040xc1n02x5,28451
ec0fuy040xc1n03x5,32
ec0fuy040xc1n04x3,4
ec0fuy040xc1n04x5,324
ec0fuy040xc2n02x3,576
ec0fuy040xc2n02x5,31703
ec0fuy040xc2n03x5,36
ec0fuy040xc2n04x5,452
ec0fuy040xc3n02x3,536
ec0fuy040xc3n02x5,26867
ec0fuy040xc3n03x5,16
ec0fuy040xc3n04x5,380
ec0fuy040xc4n02x3,488
ec0fuy040xc4n02x5,33899
ec0fuy040xc4n03x5,20
ec0fuy040xc4n04x5,276
ec0fuy200ab1d02x3,790
ec0fuy200ab1d02x5,139
ec0fuy200ab1d04x3,461
ec0fuy200ab1d04x5,155
ec0fuy200ab1d08x5,3671
ec0fuy200ab2d02x3,927
ec0fuy200ab2d02x5,156
ec0fuy200ab2d04x3,455
ec0fuy200ab2d04x5,100
ec0fuy200ab2d08x5,4419
ec0fuy200ab3d02x3,771
ec0fuy200ab3d02x5,154
ec0fuy200ab3d04x3,183
ec0fuy200ab3d04x5,88
ec0fuy200ab3d08x5,3128
ec0fuy200ab4d02x3,841
ec0fuy200ab4d02x5,259
ec0fuy200ab4d04x3,363
ec0fuy200ab4d04x5,110
ec0fuy200ab4d08x5,3812
ec0fuy200ac1d02x3,21660
ec0fuy200ac1d02x5,2591
ec0fuy200ac1d04x3,7862
ec0fuy200ac1d04x5,6078
ec0fuy200ac1d08x5,2432
ec0fuy200ac2d02x3,25701
ec0fuy200ac2d02x5,3100
ec0fuy200ac2d04x3,9951
ec0fuy200ac2d04x5,7480
ec0fuy200ac2d08x5,3128
ec0fuy200ac3d02x3,21219
ec0fuy200ac3d02x5,2650
ec0fuy200ac3d04x3,7813
ec0fuy200ac3d04x5,6416
ec0fuy200ac3d08x5,2299
ec0fuy200ac4d02x3,25286
ec0fuy200ac4d02x5,3114
ec0fuy200ac4d04x3,9446
ec0fuy200ac4d04x5,7779
ec0fuy200ac4d08x5,2999
ec0fuy200xb1d02x3,52056
ec0fuy200xb1d02x5,667
ec0fuy200xb1d03x3,9891
ec0fuy200xb1d03x5,566
ec0fuy200xb1d04x3,7982
ec0fuy200xb1d04x5,8067
ec0fuy200xb2d02x3,51130
ec0fuy200xb2d02x5,791
ec0fuy200xb2d03x3,9282
ec0fuy200xb2d03x5,456
ec0fuy200xb2d04x3,6693
ec0fuy200xb2d04x5,6699
ec0fuy200xb3d02x3,48339
ec0fuy200xb3d02x5,664
ec0fuy200xb3d03x3,8588
ec0fuy200xb3d03x5,447
ec0fuy200xb3d04x3,4961
ec0fuy200xb3d04x5,5402
ec0fuy200xb4d02x3,50403
ec0fuy200xb4d02x5,720
ec0fuy200xb4d03x3,8559
ec0fuy200xb4d03x5,546
ec0fuy200xb4d04x3,6327
ec0fuy200xb4d04x5,6289
ec0fuy200xc1d02x3,582292
ec0fuy200xc1d02x5,20972
ec0fuy200xc1d03x3,69047
ec0fuy200xc1d03x5,9210
ec0fuy200xc1d04x3,27690
ec0fuy200xc1d04x5,268432
ec0fuy200xc2d02x3,621387
ec0fuy200xc2d02x5,29030
ec0fuy200xc2d03x3,70013
ec0fuy200xc2d03x5,12754
ec0fuy200xc2d04x3,27755
ec0fuy200xc2d04x5,298318
ec0fuy200xc3d02x3,535840
ec0fuy200xc3d02x5,20085
ec0fuy200xc3d03x3,62112
ec0fuy200xc3d03x5,9330
ec0fuy200xc3d04x3,21944
ec0fuy200xc3d04x5,253298
ec0fuy200xc4d02x3,601562
ec0fuy200xc4d02x5,28116
ec0fuy200xc4d03x3,68382
ec0fuy200xc4d03x5,10747
ec0fuy200xc4d04x3,26421
ec0fuy200xc4d04x5,289180
ec0fuy240xb1d02x3,104
ec0fuy240xb1d03x3,4
ec0fuy240xb1d04x3,4
ec0fuy240xb1d04x5,4
ec0fuy240xb2d02x3,124
ec0fuy240xb3d02x3,60
ec0fuy240xb3d04x5,4
ec0fuy240xb4d02x3,136
ec0fuy240xb4d02x5,4
ec0fuy240xb4d03x3,4
ec0fuy240xb4d03x5,4
ec0fuy240xb4d04x5,12
ec0fuy240xc1d02x3,652
ec0fuy240xc1d02x5,4
ec0fuy240xc1d03x3,24
ec0fuy240xc1d03x5,120
ec0fuy240xc1d04x3,12
ec0fuy240xc1d04x5,52
ec0fuy240xc2d02x3,836
ec0fuy240xc2d02x5,4
ec0fuy240xc2d03x3,60
ec0fuy240xc2d03x5,64
ec0fuy240xc2d04x3,16
ec0fuy240xc2d04x5,60
ec0fuy240xc3d02x3,704
ec0fuy240xc3d02x5,12
ec0fuy240xc3d03x3,56
ec0fuy240xc3d03x5,124
ec0fuy240xc3d04x3,4
ec0fuy240xc3d04x5,40
ec0fuy240xc4d02x3,880
ec0fuy240xc4d02x5,4
ec0fuy240xc4d03x3,68
ec0fuy240xc4d03x5,112
ec0fuy240xc4d04x3,12
ec0fuy240xc4d04x5,76
ec0fuy400ac1q02x5,28
ec0fuy400ac2q02x5,20
ec0fuy400ac2q04x5,28
ec0fuy400ac3q02x5,40
ec0fuy400ac3q04x5,12
ec0fuy400ac4q02x5,32
ec0fuy400ac4q04x5,12
ec0fuy400xb1q02x5,16468
ec0fuy400xb2q02x5,15824
ec0fuy400xb3q02x5,16372
ec0fuy400xb4q02x5,15776
ec0fuy400xc1q02x3,28
ec0fuy400xc1q02x5,205808
ec0fuy400xc1q03x5,344
ec0fuy400xc1q04x5,356
ec0fuy400xc2q02x3,36
ec0fuy400xc2q02x5,203276
ec0fuy400xc2q03x5,332
ec0fuy400xc2q04x5,312
ec0fuy400xc3q02x3,36
ec0fuy400xc3q02x5,201948
ec0fuy400xc3q03x5,312
ec0fuy400xc3q04x5,356
ec0fuy400xc4q02x3,40
ec0fuy400xc4q02x5,205188
ec0fuy400xc4q03x5,268
ec0fuy400xc4q04x5,412
ec0fvn003xb1n02x3,308
ec0fvn003xb1n02x5,34648
ec0fvn003xb1n03x5,828
ec0fvn003xb1n04x3,128
ec0fvn003xb1n04x5,7170
ec0fvn003xb2n02x3,312
ec0fvn003xb2n02x5,37239
ec0fvn003xb2n03x3,4
ec0fvn003xb2n03x5,720
ec0fvn003xb2n04x3,136
ec0fvn003xb2n04x5,7871
ec0fvn003xb3n02x3,368
ec0fvn003xb3n02x5,35194
ec0fvn003xb3n03x3,4
ec0fvn003xb3n03x5,666
ec0fvn003xb3n04x3,124
ec0fvn003xb3n04x5,7133
ec0fvn003xb4n02x3,264
ec0fvn003xb4n02x5,36058
ec0fvn003xb4n03x3,8
ec0fvn003xb4n03x5,566
ec0fvn003xb4n04x3,120
ec0fvn003xb4n04x5,7492
ec0fvn003xc1n02x3,5072
ec0fvn003xc1n02x5,226278
ec0fvn003xc1n03x3,428
ec0fvn003xc1n03x5,5841
ec0fvn003xc1n04x3,136
ec0fvn003xc1n04x5,5509
ec0fvn003xc2n02x3,5264
ec0fvn003xc2n02x5,235093
ec0fvn003xc2n03x3,504
ec0fvn003xc2n03x5,5768
ec0fvn003xc2n04x3,132
ec0fvn003xc2n04x5,6077
ec0fvn003xc3n02x3,4956
ec0fvn003xc3n02x5,221695
ec0fvn003xc3n03x3,392
ec0fvn003xc3n03x5,6096
ec0fvn003xc3n04x3,192
ec0fvn003xc3n04x5,5903
ec0fvn003xc4n02x3,5424
ec0fvn003xc4n02x5,239796
ec0fvn003xc4n03x3,744
ec0fvn003xc4n03x5,6004
ec0fvn003xc4n04x3,212
ec0fvn003xc4n04x5,6456
ec0fvn003xl1n02x5,5032
ec0fvn003xl1n03x5,68
ec0fvn003xl2n02x5,4940
ec0fvn003xl2n03x5,56
ec0fvn003xn1n02x5,4
ec0fvn003xn2n02x5,4
ec0fvn203xb1d02x3,2764
ec0fvn203xb1d02x5,92
ec0fvn203xb1d03x3,224
ec0fvn203xb1d03x5,820
ec0fvn203xb1d04x3,80
ec0fvn203xb1d04x5,268
ec0fvn203xb2d02x3,3040
ec0fvn203xb2d02x5,80
ec0fvn203xb2d03x3,308
ec0fvn203xb2d03x5,980
ec0fvn203xb2d04x3,40
ec0fvn203xb2d04x5,256
ec0fvn203xb3d02x3,2732
ec0fvn203xb3d02x5,56
ec0fvn203xb3d03x3,176
ec0fvn203xb3d03x5,744
ec0fvn203xb3d04x3,60
ec0fvn203xb3d04x5,192
ec0fvn203xb4d02x3,2840
ec0fvn203xb4d02x5,32
ec0fvn203xb4d03x3,300
ec0fvn203xb4d03x5,772
ec0fvn203xb4d04x3,48
ec0fvn203xb4d04x5,228
ec0fvn203xc1d02x3,24483
ec0fvn203xc1d02x5,1359
ec0fvn203xc1d03x3,700
ec0fvn203xc1d03x5,1656
ec0fvn203xc1d04x3,318
ec0fvn203xc1d04x5,4876
ec0fvn203xc2d02x3,29336
ec0fvn203xc2d02x5,1815
ec0fvn203xc2d03x3,855
ec0fvn203xc2d03x5,2176
ec0fvn203xc2d04x3,284
ec0fvn203xc2d04x5,5292
ec0fvn203xc3d02x3,24319
ec0fvn203xc3d02x5,1539
ec0fvn203xc3d03x3,684
ec0fvn203xc3d03x5,1816
ec0fvn203xc3d04x3,227
ec0fvn203xc3d04x5,4939
ec0fvn203xc4d02x3,29215
ec0fvn203xc4d02x5,1979
ec0fvn203xc4d03x3,907
ec0fvn203xc4d03x5,2276
ec0fvn203xc4d04x3,280
ec0fvn203xc4d04x5,4932
ec0fvn203xl1d02x3,15496
ec0fvn203xl1d02x5,64
ec0fvn203xl1d03x3,596
ec0fvn203xl1d03x5,92
ec0fvn203xl1d04x3,16
ec0fvn203xl1d04x5,220
ec0fvn203xn1d02x3,48
ec0fvn203xn1d03x3,4
ec0fvn203xn1d04x3,44
ec0fvn203xn1d04x5,16
ec0fvn203xn2d04x5,332
ec0fvn243xb1d02x3,468
ec0fvn243xb1d02x5,8
ec0fvn243xb1d03x3,28
ec0fvn243xb1d03x5,8
ec0fvn243xb1d04x3,8
ec0fvn243xb1d04x5,316
ec0fvn243xb2d02x3,540
ec0fvn243xb2d02x5,24
ec0fvn243xb2d03x3,12
ec0fvn243xb2d04x3,4
ec0fvn243xb2d04x5,388
ec0fvn243xb3d02x3,532
ec0fvn243xb3d02x5,8
ec0fvn243xb3d03x3,28
ec0fvn243xb3d04x5,308
ec0fvn243xb4d02x3,644
ec0fvn243xb4d02x5,16
ec0fvn243xb4d03x3,28
ec0fvn243xb4d03x5,4
ec0fvn243xb4d04x5,400
ec0fvn243xc1d02x3,6136
ec0fvn243xc1d02x5,2237
ec0fvn243xc1d03x3,160
ec0fvn243xc1d03x5,36
ec0fvn243xc1d04x3,4
ec0fvn243xc1d04x5,780
ec0fvn243xc2d02x3,7360
ec0fvn243xc2d02x5,2215
ec0fvn243xc2d03x3,216
ec0fvn243xc2d03x5,68
ec0fvn243xc2d04x3,36
ec0fvn243xc2d04x5,876
ec0fvn243xc3d02x3,6160
ec0fvn243xc3d02x5,1928
ec0fvn243xc3d03x3,156
ec0fvn243xc3d03x5,48
ec0fvn243xc3d04x3,16
ec0fvn243xc3d04x5,764
ec0fvn243xc4d02x3,7792
ec0fvn243xc4d02x5,2043
ec0fvn243xc4d03x3,216
ec0fvn243xc4d03x5,76
ec0fvn243xc4d04x3,20
ec0fvn243xc4d04x5,852
ec0fvn243xl1d02x3,2204
ec0fvn243xl1d03x3,56
ec0fvn243xl2d02x3,1520
ec0fvn243xn1d02x3,64
ec0fvn243xn1d02x5,4
ec0fvn243xn1d03x3,8
ec0fvn243xn1d04x5,4
ec0fvn243xn2d02x3,36
ec0fvn243xn2d02x5,8
ec0fvy003ab1n02x3,4
ec0fvy003ab1n02x5,8452
ec0fvy003ab1n04x5,1416
ec0fvy003ab1n08x5,16
ec0fvy003ab1n16x5,32
ec0fvy003ab2n02x3,4
ec0fvy003ab2n02x5,9140
ec0fvy003ab2n04x3,4
ec0fvy003ab2n04x5,1675
ec0fvy003ab2n08x5,20
ec0fvy003ab2n16x5,8
ec0fvy003ab3n02x5,8072
ec0fvy003ab3n04x5,1723
ec0fvy003ab3n08x5,12
ec0fvy003ab3n16x5,31
ec0fvy003ab4n02x5,8856
ec0fvy003ab4n04x5,1768
ec0fvy003ab4n08x5,16
ec0fvy003ab4n16x5,12
ec0fvy003ac1n02x3,26024
ec0fvy003ac1n02x5,16716
ec0fvy003ac1n04x3,180
ec0fvy003ac1n04x5,2236
ec0fvy003ac1n08x5,16
ec0fvy003ac1n16x5,4
ec0fvy003ac2n02x3,26180
ec0fvy003ac2n02x5,16765
ec0fvy003ac2n04x3,136
ec0fvy003ac2n04x5,2448
ec0fvy003ac2n08x5,12
ec0fvy003ac3n02x3,25824
ec0fvy003ac3n02x5,16451
ec0fvy003ac3n04x3,72
ec0fvy003ac3n04x5,2127
ec0fvy003ac3n08x5,24
ec0fvy003ac3n16x5,4
ec0fvy003ac4n02x3,23204
ec0fvy003ac4n02x5,17261
ec0fvy003ac4n04x3,124
ec0fvy003ac4n04x5,2296
ec0fvy003ac4n08x5,8
ec0fvy003xb1n02x5,67456
ec0fvy003xb1n03x3,4
ec0fvy003xb1n03x5,7268
ec0fvy003xb1n04x5,3099
ec0fvy003xb2n02x5,72347
ec0fvy003xb2n03x5,7576
ec0fvy003xb2n04x5,3304
ec0fvy003xb3n02x3,4
ec0fvy003xb3n02x5,66870
ec0fvy003xb3n03x5,7036
ec0fvy003xb3n04x5,2882
ec0fvy003xb4n02x5,71571
ec0fvy003xb4n03x5,7432
ec0fvy003xb4n04x5,3119
ec0fvy003xc1n02x3,648
ec0fvy003xc1n02x5,228103
ec0fvy003xc1n03x3,496
ec0fvy003xc1n03x5,17916
ec0fvy003xc1n04x5,9627
ec0fvy003xc2n02x3,740
ec0fvy003xc2n02x5,237165
ec0fvy003xc2n03x3,576
ec0fvy003xc2n03x5,20776
ec0fvy003xc2n04x5,10533
ec0fvy003xc3n02x3,624
ec0fvy003xc3n02x5,226892
ec0fvy003xc3n03x3,536
ec0fvy003xc3n03x5,18328
ec0fvy003xc3n04x5,9725
ec0fvy003xc4n02x3,776
ec0fvy003xc4n02x5,238290
ec0fvy003xc4n03x3,508
ec0fvy003xc4n03x5,21308
ec0fvy003xc4n04x5,10578
ec0fvy043ab1d02x5,40056
ec0fvy043ab1d04x5,128
ec0fvy043ab1d08x5,8
ec0fvy043ab2d02x5,40092
ec0fvy043ab2d04x5,176
ec0fvy043ab2d08x5,16
ec0fvy043ab3d02x5,40588
ec0fvy043ab3d04x5,136
ec0fvy043ab4d02x5,41196
ec0fvy043ab4d04x5,112
ec0fvy043ab4d08x5,16
ec0fvy043ac1d02x3,1176
ec0fvy043ac1d02x5,5660
ec0fvy043ac1d04x3,4
ec0fvy043ac1d04x5,424
ec0fvy043ac1d08x5,24
ec0fvy043ac2d02x3,1044
ec0fvy043ac2d02x5,6052
ec0fvy043ac2d04x5,500
ec0fvy043ac2d08x5,12
ec0fvy043ac3d02x3,1088
ec0fvy043ac3d02x5,5724
ec0fvy043ac3d04x3,4
ec0fvy043ac3d04x5,500
ec0fvy043ac3d08x5,8
ec0fvy043ac4d02x3,976
ec0fvy043ac4d02x5,6252
ec0fvy043ac4d04x5,436
ec0fvy043ac4d08x5,24
ec0fvy043xc1n02x3,56
ec0fvy043xc1n03x3,4
ec0fvy043xc2n02x3,84
ec0fvy043xc3n02x3,76
ec0fvy043xc4n02x3,72
ec0fvy203ab1d02x3,3408
ec0fvy203ab1d02x5,504
ec0fvy203ab1d04x3,1072
ec0fvy203ab1d04x5,196
ec0fvy203ab1d08x5,4653
ec0fvy203ab2d02x3,3862
ec0fvy203ab2d02x5,460
ec0fvy203ab2d04x3,1300
ec0fvy203ab2d04x5,240
ec0fvy203ab2d08x5,4049
ec0fvy203ab3d02x3,3739
ec0fvy203ab3d02x5,516
ec0fvy203ab3d04x3,919
ec0fvy203ab3d04x5,196
ec0fvy203ab3d08x5,4602
ec0fvy203ab4d02x3,3727
ec0fvy203ab4d02x5,560
ec0fvy203ab4d04x3,872
ec0fvy203ab4d04x5,152
ec0fvy203ab4d08x5,4541
ec0fvy203ac1d02x3,139732
ec0fvy203ac1d02x5,14280
ec0fvy203ac1d04x3,9491
ec0fvy203ac1d04x5,5034
ec0fvy203ac1d08x5,4501
ec0fvy203ac2d02x3,208945
ec0fvy203ac2d02x5,21985
ec0fvy203ac2d04x3,13563
ec0fvy203ac2d04x5,7109
ec0fvy203ac2d08x5,4339
ec0fvy203ac3d02x3,139749
ec0fvy203ac3d02x5,13486
ec0fvy203ac3d04x3,9460
ec0fvy203ac3d04x5,4984
ec0fvy203ac3d08x5,4091
ec0fvy203ac4d02x3,207066
ec0fvy203ac4d02x5,21629
ec0fvy203ac4d04x3,12803
ec0fvy203ac4d04x5,7290
ec0fvy203ac4d08x5,4247
ec0fvy203xb1d02x3,102899
ec0fvy203xb1d02x5,412
ec0fvy203xb1d03x3,7237
ec0fvy203xb1d03x5,584
ec0fvy203xb1d04x3,4410
ec0fvy203xb1d04x5,7626
ec0fvy203xb2d02x3,106743
ec0fvy203xb2d02x5,640
ec0fvy203xb2d03x3,10175
ec0fvy203xb2d03x5,684
ec0fvy203xb2d04x3,6637
ec0fvy203xb2d04x5,8865
ec0fvy203xb3d02x3,102004
ec0fvy203xb3d02x5,400
ec0fvy203xb3d03x3,6994
ec0fvy203xb3d03x5,431
ec0fvy203xb3d04x3,4047
ec0fvy203xb3d04x5,7792
ec0fvy203xb4d02x3,102550
ec0fvy203xb4d02x5,620
ec0fvy203xb4d03x3,10016
ec0fvy203xb4d03x5,676
ec0fvy203xb4d04x3,6574
ec0fvy203xb4d04x5,8690
ec0fvy203xc1d02x3,464152
ec0fvy203xc1d02x5,26807
ec0fvy203xc1d03x3,45367
ec0fvy203xc1d03x5,13294
ec0fvy203xc1d04x3,16304
ec0fvy203xc1d04x5,152132
ec0fvy203xc2d02x3,514905
ec0fvy203xc2d02x5,37201
ec0fvy203xc2d03x3,69902
ec0fvy203xc2d03x5,17302
ec0fvy203xc2d04x3,25190
ec0fvy203xc2d04x5,165332
ec0fvy203xc3d02x3,461610
ec0fvy203xc3d02x5,26625
ec0fvy203xc3d03x3,44755
ec0fvy203xc3d03x5,13994
ec0fvy203xc3d04x3,16422
ec0fvy203xc3d04x5,153159
ec0fvy203xc4d02x3,514858
ec0fvy203xc4d02x5,37668
ec0fvy203xc4d03x3,69754
ec0fvy203xc4d03x5,17099
ec0fvy203xc4d04x3,24122
ec0fvy203xc4d04x5,163232
ec0fvy243xb1d02x3,4276
ec0fvy243xb1d02x5,64
ec0fvy243xb1d03x3,1760
ec0fvy243xb1d03x5,136
ec0fvy243xb1d04x3,572
ec0fvy243xb1d04x5,592
ec0fvy243xb2d02x3,6688
ec0fvy243xb2d02x5,72
ec0fvy243xb2d03x3,2872
ec0fvy243xb2d03x5,224
ec0fvy243xb2d04x3,824
ec0fvy243xb2d04x5,832
ec0fvy243xb3d02x3,4352
ec0fvy243xb3d02x5,52
ec0fvy243xb3d03x3,1700
ec0fvy243xb3d03x5,124
ec0fvy243xb3d04x3,564
ec0fvy243xb3d04x5,532
ec0fvy243xb4d02x3,7132
ec0fvy243xb4d02x5,96
ec0fvy243xb4d03x3,2836
ec0fvy243xb4d03x5,160
ec0fvy243xb4d04x3,772
ec0fvy243xb4d04x5,724
ec0fvy243xc1d02x3,30472
ec0fvy243xc1d02x5,1300
ec0fvy243xc1d03x3,12496
ec0fvy243xc1d03x5,7084
ec0fvy243xc1d04x3,2024
ec0fvy243xc1d04x5,1844
ec0fvy243xc2d02x3,47648
ec0fvy243xc2d02x5,1960
ec0fvy243xc2d03x3,20804
ec0fvy243xc2d03x5,11116
ec0fvy243xc2d04x3,2980
ec0fvy243xc2d04x5,3112
ec0fvy243xc3d02x3,29628
ec0fvy243xc3d02x5,1224
ec0fvy243xc3d03x3,12764
ec0fvy243xc3d03x5,7252
ec0fvy243xc3d04x3,1568
ec0fvy243xc3d04x5,1620
ec0fvy243xc4d02x3,46756
ec0fvy243xc4d02x5,1904
ec0fvy243xc4d03x3,20604
ec0fvy243xc4d03x5,11736
ec0fvy243xc4d04x3,2872
ec0fvy243xc4d04x5,2844
ec0fvy243xl1d02x3,1304
ec0fvy243xl1d03x3,72
ec0fvy243xl1d03x5,204
ec0fvy243xl2d02x3,1280
ec0fvy243xl2d02x5,12
ec0fvy243xl2d03x3,88
ec0fvy243xl2d03x5,164
ec0fvy243xn1d02x3,156
ec0fvy243xn1d03x3,112
ec0fvy243xn1d03x5,68
ec0fvy243xn2d02x3,148
ec0fvy243xn2d03x3,136
ec0fvy243xn2d03x5,76
ec0fvy403ab4q08x5,4
ec0fvy403ac1q02x5,3008
ec0fvy403ac1q04x5,116
ec0fvy403ac2q02x5,2776
ec0fvy403ac2q04x5,140
ec0fvy403ac3q02x5,2512
ec0fvy403ac3q04x5,68
ec0fvy403ac4q02x5,3024
ec0fvy403ac4q04x5,132
ec0fyn003ab1d02x5,815
ec0fyn003ab1d03x5,229
ec0fyn003ab1d04x5,102
ec0fyn003ab1d06x5,51
ec0fyn003ab1d12x5,8
ec0fyn003ab1d16x5,103
ec0fyn003ab1n02x5,492
ec0fyn003ab1n03x5,220
ec0fyn003ab1n04x5,354
ec0fyn003ab1n06x5,894
ec0fyn003ab1n08x5,75
ec0fyn003ab1n12x5,147
ec0fyn003ab1n16x5,480
ec0fyn003ab2d02x5,1421
ec0fyn003ab2d03x5,248
ec0fyn003ab2d04x5,28
ec0fyn003ab2d06x5,98
ec0fyn003ab2d12x5,12
ec0fyn003ab2d16x5,150
ec0fyn003ab2n02x5,362
ec0fyn003ab2n03x5,239
ec0fyn003ab2n04x5,454
ec0fyn003ab2n06x5,935
ec0fyn003ab2n08x5,96
ec0fyn003ab2n12x5,236
ec0fyn003ab2n16x5,279
ec0fyn003ab3d02x5,1155
ec0fyn003ab3d03x5,297
ec0fyn003ab3d04x5,52
ec0fyn003ab3d06x5,97
ec0fyn003ab3d08x5,15
ec0fyn003ab3d12x5,4
ec0fyn003ab3d16x5,206
ec0fyn003ab3n02x5,413
ec0fyn003ab3n03x5,330
ec0fyn003ab3n04x5,382
ec0fyn003ab3n06x5,841
ec0fyn003ab3n08x5,148
ec0fyn003ab3n12x5,200
ec0fyn003ab3n16x5,272
ec0fyn003ab4d02x5,1008
ec0fyn003ab4d03x5,378
ec0fyn003ab4d04x5,42
ec0fyn003ab4d06x5,66
ec0fyn003ab4d12x5,4
ec0fyn003ab4d16x5,166
ec0fyn003ab4n02x5,345
ec0fyn003ab4n03x5,310
ec0fyn003ab4n04x5,417
ec0fyn003ab4n06x5,918
ec0fyn003ab4n08x5,94
ec0fyn003ab4n12x5,168
ec0fyn003ab4n16x5,300
ec0fyn003ac1d02x5,13272
ec0fyn003ac1d03x5,832
ec0fyn003ac1d04x5,80
ec0fyn003ac1d06x5,47
ec0fyn003ac1d12x5,44
ec0fyn003ac1d16x5,36
ec0fyn003ac1n02x5,113524
ec0fyn003ac1n03x5,897
ec0fyn003ac1n04x5,2325
ec0fyn003ac1n06x5,420
ec0fyn003ac1n08x5,151
ec0fyn003ac1n12x5,116
ec0fyn003ac1n16x5,12
ec0fyn003ac2d02x5,15008
ec0fyn003ac2d03x5,1274
ec0fyn003ac2d04x5,68
ec0fyn003ac2d06x5,71
ec0fyn003ac2d08x5,16
ec0fyn003ac2d12x5,56
ec0fyn003ac2d16x5,16
ec0fyn003ac2n02x5,119519
ec0fyn003ac2n03x5,907
ec0fyn003ac2n04x5,2108
ec0fyn003ac2n06x5,304
ec0fyn003ac2n08x5,133
ec0fyn003ac2n12x5,68
ec0fyn003ac2n16x5,16
ec0fyn003ac3d02x5,13768
ec0fyn003ac3d03x5,870
ec0fyn003ac3d04x5,98
ec0fyn003ac3d06x5,79
ec0fyn003ac3d08x5,20
ec0fyn003ac3d12x5,56
ec0fyn003ac3d16x5,4
ec0fyn003ac3n02x5,111130
ec0fyn003ac3n03x5,1098
ec0fyn003ac3n04x5,1867
ec0fyn003ac3n06x5,412
ec0fyn003ac3n08x5,158
ec0fyn003ac3n12x5,40
ec0fyn003ac3n16x5,8
ec0fyn003ac4d02x5,14614
ec0fyn003ac4d03x5,1230
ec0fyn003ac4d04x5,185
ec0fyn003ac4d06x5,91
ec0fyn003ac4d08x5,8
ec0fyn003ac4d12x5,104
ec0fyn003ac4d16x5,32
ec0fyn003ac4n02x5,119642
ec0fyn003ac4n03x5,1101
ec0fyn003ac4n04x5,2154
ec0fyn003ac4n06x5,314
ec0fyn003ac4n08x5,127
ec0fyn003ac4n12x5,72
ec0fyn003ac4n16x5,20
ec0fyn003al1d02x5,236
ec0fyn003al1d03x5,76
ec0fyn003al1d04x5,8
ec0fyn003al1n02x5,116
ec0fyn003al1n03x5,44
ec0fyn003al2d02x5,4
ec0fyn003al2d04x5,4
ec0fyn003an1d02x5,4
ec0fyn003an1n04x5,8
ec0fyn00cab1d02x5,926
ec0fyn00cab1d03x5,44
ec0fyn00cab1d06x5,64
ec0fyn00cab1d16x5,27
ec0fyn00cab2d02x5,1035
ec0fyn00cab2d03x5,60
ec0fyn00cab2d06x5,158
ec0fyn00cab2d16x5,56
ec0fyn00cab3d02x5,970
ec0fyn00cab3d03x5,44
ec0fyn00cab3d06x5,112
ec0fyn00cab3d16x5,28
ec0fyn00cab4d02x5,1068
ec0fyn00cab4d03x5,44
ec0fyn00cab4d06x5,128
ec0fyn00cab4d16x5,28
ec0fyn00cac1d02x5,46790
ec0fyn00cac1d03x5,2048
ec0fyn00cac1d06x5,737
ec0fyn00cac1d16x5,51
ec0fyn00cac2d02x5,53746
ec0fyn00cac2d03x5,2072
ec0fyn00cac2d06x5,2153
ec0fyn00cac2d16x5,24
ec0fyn00cac3d02x5,47854
ec0fyn00cac3d03x5,1964
ec0fyn00cac3d06x5,1907
ec0fyn00cac3d16x5,20
ec0fyn00cac4d02x5,52579
ec0fyn00cac4d03x5,2459
ec0fyn00cac4d06x5,2065
ec0fyn00cac4d16x5,8
ec0fyn00cal1d02x5,5128
ec0fyn00cal1d03x5,376
ec0fyn00cal1d06x5,4
ec0fyn00cal2d02x5,5108
ec0fyn00cal2d03x5,376
ec0fyn00cal2d06x5,4
ec0fyn00can1d02x5,16
ec0fyn00can2d02x5,24
ec0fyn00fab1d02x5,28
ec0fyn00fab1d04x5,4
ec0fyn00fab1d06x5,8
ec0fyn00fab1d12x5,4
ec0fyn00fab2d02x5,32
ec0fyn00fab2d04x5,16
ec0fyn00fab2d06x5,47
ec0fyn00fab2d12x5,12
ec0fyn00fab3d02x5,40
ec0fyn00fab3d03x5,8
ec0fyn00fab3d06x5,36
ec0fyn00fab3d12x5,20
ec0fyn00fab4d02x5,64
ec0fyn00fab4d03x5,4
ec0fyn00fab4d04x5,4
ec0fyn00fab4d06x5,48
ec0fyn00fab4d12x5,4
ec0fyn00fac1d02x5,5935
ec0fyn00fac1d03x5,32
ec0fyn00fac1d04x5,340
ec0fyn00fac1d06x5,36
ec0fyn00fac1d12x5,8
ec0fyn00fac2d02x5,6089
ec0fyn00fac2d03x5,16
ec0fyn00fac2d04x5,244
ec0fyn00fac2d12x5,16
ec0fyn00fac3d02x5,6075
ec0fyn00fac3d03x5,24
ec0fyn00fac3d04x5,316
ec0fyn00fac4d02x5,6165
ec0fyn00fac4d03x5,12
ec0fyn00fac4d04x5,304
ec0fyn00fac4d12x5,4
ec0fyn043ab1d02x5,4924
ec0fyn043ab1d03x5,368
ec0fyn043ab1d04x5,88
ec0fyn043ab1d06x5,144
ec0fyn043ab1d08x5,248
ec0fyn043ab1d12x5,36
ec0fyn043ab2d02x5,6356
ec0fyn043ab2d03x5,268
ec0fyn043ab2d04x5,64
ec0fyn043ab2d06x5,280
ec0fyn043ab2d08x5,440
ec0fyn043ab2d12x5,108
ec0fyn043ab3d02x5,4776
ec0fyn043ab3d03x5,264
ec0fyn043ab3d04x5,96
ec0fyn043ab3d06x5,212
ec0fyn043ab3d08x5,196
ec0fyn043ab3d12x5,48
ec0fyn043ab4d02x5,6372
ec0fyn043ab4d03x5,288
ec0fyn043ab4d04x5,68
ec0fyn043ab4d06x5,228
ec0fyn043ab4d08x5,440
ec0fyn043ab4d12x5,76
ec0fyn043ac1d02x5,127483
ec0fyn043ac1d03x5,6234
ec0fyn043ac1d04x5,584
ec0fyn043ac1d06x5,3452
ec0fyn043ac1d08x5,108
ec0fyn043ac1d12x5,40
ec0fyn043ac2d02x5,110824
ec0fyn043ac2d03x5,5340
ec0fyn043ac2d04x5,572
ec0fyn043ac2d06x5,40960
ec0fyn043ac2d08x5,112
ec0fyn043ac2d12x5,36
ec0fyn043ac3d02x5,94092
ec0fyn043ac3d03x5,3972
ec0fyn043ac3d04x5,532
ec0fyn043ac3d06x5,40157
ec0fyn043ac3d08x5,92
ec0fyn043ac3d12x5,12
ec0fyn043ac4d02x5,109784
ec0fyn043ac4d03x5,5016
ec0fyn043ac4d04x5,648
ec0fyn043ac4d06x5,41786
ec0fyn043ac4d08x5,152
ec0fyn043ac4d12x5,40
ec0fyn043al1d02x5,4016
ec0fyn043al1d03x5,120
ec0fyn043al2d02x5,3736
ec0fyn043al2d03x5,92
ec0fyn043an1d02x5,80
ec0fyn043an2d02x5,72
ec0fyn08fab1d03x5,116
ec0fyn08fab1d06x5,36
ec0fyn08fab1d12x5,176
ec0fyn08fab2d02x5,20
ec0fyn08fab2d03x5,224
ec0fyn08fab2d06x5,436
ec0fyn08fab2d12x5,1444
ec0fyn08fab3d02x5,8
ec0fyn08fab3d03x5,312
ec0fyn08fab3d06x5,364
ec0fyn08fab3d12x5,1436
ec0fyn08fab4d02x5,16
ec0fyn08fab4d03x5,284
ec0fyn08fab4d06x5,464
ec0fyn08fab4d12x5,1512
ec0fyn08fac1d02x5,1448
ec0fyn08fac1d03x5,15044
ec0fyn08fac1d06x5,4576
ec0fyn08fac1d12x5,1548
ec0fyn08fac2d02x5,1748
ec0fyn08fac2d03x5,14040
ec0fyn08fac2d06x5,1668
ec0fyn08fac2d12x5,3532
ec0fyn08fac3d02x5,1788
ec0fyn08fac3d03x5,13576
ec0fyn08fac3d06x5,1484
ec0fyn08fac3d12x5,3576
ec0fyn08fac4d02x5,1788
ec0fyn08fac4d03x5,13992
ec0fyn08fac4d06x5,1660
ec0fyn08fac4d12x5,3616
ec0fyn203ab1d02x5,2558
ec0fyn203ab1d03x5,163
ec0fyn203ab1d04x5,124
ec0fyn203ab1d06x5,68
ec0fyn203ab1d08x5,20
ec0fyn203ab1d12x5,28
ec0fyn203ab1d16x5,32
ec0fyn203ab2d02x5,3343
ec0fyn203ab2d03x5,323
ec0fyn203ab2d04x5,100
ec0fyn203ab2d06x5,92
ec0fyn203ab2d08x5,24
ec0fyn203ab2d12x5,127
ec0fyn203ab2d16x5,24
ec0fyn203ab3d02x5,2768
ec0fyn203ab3d03x5,151
ec0fyn203ab3d04x5,148
ec0fyn203ab3d06x5,120
ec0fyn203ab3d08x5,16
ec0fyn203ab3d12x5,44
ec0fyn203ab3d16x5,68
ec0fyn203ab4d02x5,3934
ec0fyn203ab4d03x5,220
ec0fyn203ab4d04x5,60
ec0fyn203ab4d06x5,104
ec0fyn203ab4d08x5,8
ec0fyn203ab4d12x5,87
ec0fyn203ab4d16x5,20
ec0fyn203ac1d02x5,20296
ec0fyn203ac1d03x5,13941
ec0fyn203ac1d04x5,156
ec0fyn203ac1d06x5,793
ec0fyn203ac1d08x5,56
ec0fyn203ac1d12x5,28
ec0fyn203ac1d16x5,16
ec0fyn203ac2d02x5,26064
ec0fyn203ac2d03x5,17837
ec0fyn203ac2d04x5,244
ec0fyn203ac2d06x5,1157
ec0fyn203ac2d08x5,67
ec0fyn203ac2d12x5,88
ec0fyn203ac2d16x5,8
ec0fyn203ac3d02x5,19109
ec0fyn203ac3d03x5,13881
ec0fyn203ac3d04x5,220
ec0fyn203ac3d06x5,907
ec0fyn203ac3d08x5,44
ec0fyn203ac3d12x5,104
ec0fyn203ac4d02x5,27188
ec0fyn203ac4d03x5,18411
ec0fyn203ac4d04x5,214
ec0fyn203ac4d06x5,1128
ec0fyn203ac4d08x5,72
ec0fyn203ac4d12x5,36
ec0fyn203ac4d16x5,4
ec0fyn203al1d02x5,1120
ec0fyn203al1d03x5,76
ec0fyn203al1d04x5,540
ec0fyn203al1d06x5,32
ec0fyn203al2d02x5,4
ec0fyn203al2d06x5,16
ec0fyn203an1d03x5,4
ec0fyn203an1d06x5,8
ec0fyn203an1d08x5,32
ec0fyn203an1d12x5,20
ec0fyn203an1d16x5,52
ec0fyn203an2d03x5,208
ec0fyn203an2d12x5,16
ec0fyn243ab1d02x5,632
ec0fyn243ab1d03x5,28
ec0fyn243ab1d08x5,20
ec0fyn243ab2d02x5,1000
ec0fyn243ab2d03x5,32
ec0fyn243ab2d04x5,16
ec0fyn243ab2d08x5,24
ec0fyn243ab3d02x5,672
ec0fyn243ab3d03x5,44
ec0fyn243ab3d04x5,8
ec0fyn243ab3d06x5,4
ec0fyn243ab3d08x5,16
ec0fyn243ab3d12x5,16
ec0fyn243ab4d02x5,764
ec0fyn243ab4d03x5,60
ec0fyn243ab4d04x5,4
ec0fyn243ab4d06x5,4
ec0fyn243ab4d08x5,52
ec0fyn243ab4d12x5,4
ec0fyn243ac1d02x5,19685
ec0fyn243ac1d03x5,564
ec0fyn243ac1d04x5,40
ec0fyn243ac1d06x5,354
ec0fyn243ac1d08x5,80
ec0fyn243ac2d02x5,27135
ec0fyn243ac2d03x5,740
ec0fyn243ac2d04x5,24
ec0fyn243ac2d06x5,474
ec0fyn243ac2d08x5,152
ec0fyn243ac3d02x5,13932
ec0fyn243ac3d03x5,392
ec0fyn243ac3d04x5,12
ec0fyn243ac3d06x5,5410
ec0fyn243ac3d08x5,104
ec0fyn243ac4d02x5,20096
ec0fyn243ac4d03x5,796
ec0fyn243ac4d06x5,7488
ec0fyn243ac4d08x5,236
ec0fyn243al1d02x5,140
ec0fyn243al1d03x5,8
ec0fyn243al2d02x5,152
ec0fyn243al2d03x5,8
ec0fyn243an1d08x5,4
ec0fyn243an2d02x5,8
ec0fyw00fab1d02x5,3539
ec0fyw00fab1d03x5,1758
ec0fyw00fab1d04x5,123
ec0fyw00fab1d06x5,720
ec0fyw00fab1d12x5,426
ec0fyw00fab2d02x5,4011
ec0fyw00fab2d03x5,2150
ec0fyw00fab2d04x5,404
ec0fyw00fab2d06x5,847
ec0fyw00fab2d12x5,1132
ec0fyw00fab3d02x5,4043
ec0fyw00fab3d03x5,1851
ec0fyw00fab3d04x5,291
ec0fyw00fab3d06x5,863
ec0fyw00fab3d12x5,911
ec0fyw00fab4d02x5,4150
ec0fyw00fab4d03x5,2157
ec0fyw00fab4d04x5,476
ec0fyw00fab4d06x5,915
ec0fyw00fab4d12x5,996
ec0fyw00fac1d02x5,63561
ec0fyw00fac1d03x5,6072
ec0fyw00fac1d04x5,3408
ec0fyw00fac1d06x5,1112
ec0fyw00fac1d12x5,504
ec0fyw00fac2d02x5,73929
ec0fyw00fac2d03x5,7313
ec0fyw00fac2d04x5,3509
ec0fyw00fac2d06x5,849
ec0fyw00fac2d12x5,616
ec0fyw00fac3d02x5,61724
ec0fyw00fac3d03x5,5998
ec0fyw00fac3d04x5,2817
ec0fyw00fac3d06x5,891
ec0fyw00fac3d12x5,459
ec0fyw00fac4d02x5,72634
ec0fyw00fac4d03x5,7238
ec0fyw00fac4d04x5,3630
ec0fyw00fac4d06x5,993
ec0fyw00fac4d12x5,627
ec0fyw00fal1d02x5,2900
ec0fyw00fal1d03x5,676
ec0fyw00fal1d04x5,4
ec0fyw00fal1d06x5,32
ec0fyw00fal2d02x5,2196
ec0fyw00fal2d03x5,376
ec0fyw00fan1d02x5,768
ec0fyw00fan1d03x5,164
ec0fyw00fan1d12x5,80
ec0fyw00fan2d02x5,196
ec0fyw00fan2d03x5,48
ec0fyw00fan2d12x5,116
ec0fyw043ab1d02x5,4896
ec0fyw043ab1d03x5,436
ec0fyw043ab1d04x5,372
ec0fyw043ab1d06x5,364
ec0fyw043ab1d08x5,84
ec0fyw043ab1d12x5,212
ec0fyw043ab2d02x5,5196
ec0fyw043ab2d03x5,1488
ec0fyw043ab2d04x5,312
ec0fyw043ab2d06x5,364
ec0fyw043ab2d08x5,228
ec0fyw043ab2d12x5,1076
ec0fyw043ab3d02x5,5408
ec0fyw043ab3d03x5,1436
ec0fyw043ab3d04x5,412
ec0fyw043ab3d06x5,208
ec0fyw043ab3d08x5,184
ec0fyw043ab3d12x5,528
ec0fyw043ab4d02x5,5788
ec0fyw043ab4d03x5,1376
ec0fyw043ab4d04x5,288
ec0fyw043ab4d06x5,256
ec0fyw043ab4d08x5,156
ec0fyw043ab4d12x5,576
ec0fyw043ac1d02x5,62300
ec0fyw043ac1d03x5,5076
ec0fyw043ac1d04x5,4212
ec0fyw043ac1d06x5,800
ec0fyw043ac1d08x5,176
ec0fyw043ac1d12x5,72
ec0fyw043ac2d02x5,67279
ec0fyw043ac2d03x5,4788
ec0fyw043ac2d04x5,3588
ec0fyw043ac2d06x5,780
ec0fyw043ac2d08x5,188
ec0fyw043ac2d12x5,100
ec0fyw043ac3d02x5,62544
ec0fyw043ac3d03x5,4796
ec0fyw043ac3d04x5,3560
ec0fyw043ac3d06x5,656
ec0fyw043ac3d08x5,184
ec0fyw043ac3d12x5,76
ec0fyw043ac4d02x5,69420
ec0fyw043ac4d03x5,4496
ec0fyw043ac4d04x5,3256
ec0fyw043ac4d06x5,560
ec0fyw043ac4d08x5,228
ec0fyw043ac4d12x5,128
ec0fyw043al1d02x5,604
ec0fyw043al1d03x5,4
ec0fyw043an1d02x5,8
ec0fyw08fac1d02x5,88
ec0fyw08fac1d03x5,52
ec0fyw08fac2d02x5,152
ec0fyw08fac2d03x5,60
ec0fyw08fac3d02x5,92
ec0fyw08fac3d03x5,44
ec0fyw08fac4d02x5,68
ec0fyw08fac4d03x5,44
ec0fyw243ab1d02x5,544
ec0fyw243ab1d03x5,176
ec0fyw243ab1d04x5,184
ec0fyw243ab1d06x5,312
ec0fyw243ab1d08x5,20
ec0fyw243ab1d12x5,536
ec0fyw243ab2d02x5,656
ec0fyw243ab2d03x5,356
ec0fyw243ab2d04x5,248
ec0fyw243ab2d06x5,560
ec0fyw243ab2d08x5,40
ec0fyw243ab2d12x5,496
ec0fyw243ab3d02x5,592
ec0fyw243ab3d03x5,176
ec0fyw243ab3d04x5,40
ec0fyw243ab3d06x5,264
ec0fyw243ab3d08x5,8
ec0fyw243ab3d12x5,600
ec0fyw243ab4d02x5,704
ec0fyw243ab4d03x5,344
ec0fyw243ab4d04x5,88
ec0fyw243ab4d06x5,508
ec0fyw243ab4d08x5,36
ec0fyw243ab4d12x5,544
ec0fyw243ac1d02x5,12376
ec0fyw243ac1d03x5,1184
ec0fyw243ac1d04x5,9712
ec0fyw243ac1d06x5,8688
ec0fyw243ac1d08x5,40
ec0fyw243ac1d12x5,52
ec0fyw243ac2d02x5,16488
ec0fyw243ac2d03x5,1788
ec0fyw243ac2d04x5,15352
ec0fyw243ac2d06x5,11816
ec0fyw243ac2d08x5,32
ec0fyw243ac2d12x5,44
ec0fyw243ac3d02x5,13020
ec0fyw243ac3d03x5,1164
ec0fyw243ac3d04x5,9480
ec0fyw243ac3d06x5,9104
ec0fyw243ac3d08x5,24
ec0fyw243ac3d12x5,56
ec0fyw243ac4d02x5,16176
ec0fyw243ac4d03x5,1712
ec0fyw243ac4d04x5,15164
ec0fyw243ac4d06x5,11912
ec0fyw243ac4d08x5,24
ec0fyw243ac4d12x5,88
ec0fyw243al1d02x5,272
ec0fyw243al1d03x5,80
ec0fyw243an1d03x5,20
ec0lan003ab1n02x5,175
ec0lan003ab1n08x5,12
ec0lan003ab2n02x5,438
ec0lan003ab2n08x5,24
ec0lan003ab3n02x5,485
ec0lan003ab3n06x5,4
ec0lan003ab3n08x5,24
ec0lan003ab4n02x5,447
ec0lan003ab4n08x5,16
ec0lan003ac1n02x5,4842
ec0lan003ac1n06x5,8
ec0lan003ac1n08x5,4
ec0lan003ac2n02x5,4684
ec0lan003ac2n06x5,12
ec0lan003ac2n08x5,4
ec0lan003ac3n02x5,4895
ec0lan003ac3n06x5,28
ec0lan003ac3n08x5,32
ec0lan003ac4n02x5,4614
ec0lan003ac4n06x5,52
ec0lan003ac4n08x5,36
ec0lan003al1n02x5,84
ec0lan003an1n02x5,4
ec0lan00fab1n02x5,1304
ec0lan00fab2n02x5,888
ec0lan00fab3n02x5,1240
ec0lan00fab4n02x5,1312
ec0lan00fab4n12x5,24
ec0lan00fac1n02x5,22727
ec0lan00fac1n06x5,136
ec0lan00fac1n12x5,12
ec0lan00fac2n02x5,22871
ec0lan00fac2n06x5,128
ec0lan00fac3n02x5,21663
ec0lan00fac3n06x5,180
ec0lan00fac4n02x5,22362
ec0lan00fac4n06x5,116
ec0lan083ac1n02x5,32
ec0lan083ac2n02x5,16
ec0lan083ac3n02x5,8
ec0lan083ac4n02x5,8
ec0lmn012ab1n02x5,376
ec0lmn012ab1n06x5,17913
ec0lmn012ab1n08x5,15
ec0lmn012ab1n12x5,10918
ec0lmn012ab1n16x5,10710
ec0lmn012ab2n02x5,368
ec0lmn012ab2n06x5,13662
ec0lmn012ab2n08x5,45
ec0lmn012ab2n12x5,11277
ec0lmn012ab2n16x5,9115
ec0lmn012ab3n02x5,264
ec0lmn012ab3n06x5,15747
ec0lmn012ab3n12x5,13105
ec0lmn012ab3n16x5,10396
ec0lmn012ab4n02x5,1432
ec0lmn012ab4n06x5,14787
ec0lmn012ab4n08x5,90
ec0lmn012ab4n12x5,11822
ec0lmn012ab4n16x5,8622
ec0lmn012ac1n06x5,48
ec0lmn012ac1n16x5,8
ec0lmn012ac2n06x5,20
ec0lmn012ac3n06x5,8
ec0lmn012ac4n06x5,32
ec0lmn013ab1n02x5,124
ec0lmn013ab1n06x5,1950
ec0lmn013ab1n16x5,2584
ec0lmn013ab2n02x5,212
ec0lmn013ab2n06x5,2130
ec0lmn013ab2n16x5,2500
ec0lmn013ab3n02x5,172
ec0lmn013ab3n06x5,1830
ec0lmn013ab3n16x5,2524
ec0lmn013ab4n02x5,136
ec0lmn013ab4n06x5,2085
ec0lmn013ab4n16x5,2568
ec0lmn013ac3n12x5,36
ec0lmn013ac3n16x5,12
ec0lmn013ac4n12x5,12
ec0lsn000ab1d24x5,66
ec0lsn000ab1d32x5,23
ec0lsn000ab1n02x3,1173
ec0lsn000ab1n02x5,876
ec0lsn000ab1n03x3,237
ec0lsn000ab1n03x5,20
ec0lsn000ab1n04x3,336
ec0lsn000ab1n04x5,6753
ec0lsn000ab1n05x5,20
ec0lsn000ab1n06x5,3944
ec0lsn000ab1n08x5,327
ec0lsn000ab1n09x5,157
ec0lsn000ab1n12x5,3677
ec0lsn000ab1n16x5,463
ec0lsn000ab1n24x5,14599
ec0lsn000ab1n36x5,400
ec0lsn000ab1n48x5,28
ec0lsn000ab2d24x5,76
ec0lsn000ab2n02x3,1359
ec0lsn000ab2n02x5,748
ec0lsn000ab2n03x3,351
ec0lsn000ab2n03x5,35
ec0lsn000ab2n04x3,405
ec0lsn000ab2n04x5,6074
ec0lsn000ab2n05x5,67
ec0lsn000ab2n06x5,3316
ec0lsn000ab2n08x5,480
ec0lsn000ab2n09x5,178
ec0lsn000ab2n12x5,4211
ec0lsn000ab2n16x5,632
ec0lsn000ab2n24x5,10445
ec0lsn000ab2n36x5,533
ec0lsn000ab2n48x5,28
ec0lsn000ab3d24x5,200
ec0lsn000ab3d32x5,24
ec0lsn000ab3n02x3,1361
ec0lsn000ab3n02x5,855
ec0lsn000ab3n03x3,395
ec0lsn000ab3n03x5,56
ec0lsn000ab3n04x3,399
ec0lsn000ab3n04x5,5444
ec0lsn000ab3n05x5,67
ec0lsn000ab3n06x5,3170
ec0lsn000ab3n08x5,512
ec0lsn000ab3n09x5,158
ec0lsn000ab3n12x5,3401
ec0lsn000ab3n16x5,470
ec0lsn000ab3n24x5,14628
ec0lsn000ab3n36x5,528
ec0lsn000ab3n48x5,48
ec0lsn000ab4d24x5,98
ec0lsn000ab4d32x5,4
ec0lsn000ab4n02x3,1451
ec0lsn000ab4n02x5,709
ec0lsn000ab4n03x3,428
ec0lsn000ab4n03x5,36
ec0lsn000ab4n04x3,326
ec0lsn000ab4n04x5,5567
ec0lsn000ab4n05x5,80
ec0lsn000ab4n06x5,3136
ec0lsn000ab4n08x5,436
ec0lsn000ab4n09x5,180
ec0lsn000ab4n12x5,3821
ec0lsn000ab4n16x5,420
ec0lsn000ab4n24x5,13809
ec0lsn000ab4n36x5,417
ec0lsn000ab4n48x5,24
ec0lsn000ac1d24x5,44
ec0lsn000ac1n02x3,7456
ec0lsn000ac1n02x5,10718
ec0lsn000ac1n03x3,1044
ec0lsn000ac1n03x5,87
ec0lsn000ac1n04x3,735
ec0lsn000ac1n04x5,3059
ec0lsn000ac1n05x5,150
ec0lsn000ac1n06x5,2840
ec0lsn000ac1n08x5,283
ec0lsn000ac1n09x5,88
ec0lsn000ac1n12x5,360
ec0lsn000ac1n16x5,32
ec0lsn000ac1n24x5,1356
ec0lsn000ac1n36x5,40
ec0lsn000ac2d24x5,16
ec0lsn000ac2d32x5,4
ec0lsn000ac2n02x3,7598
ec0lsn000ac2n02x5,10065
ec0lsn000ac2n03x3,1223
ec0lsn000ac2n03x5,116
ec0lsn000ac2n04x3,862
ec0lsn000ac2n04x5,2800
ec0lsn000ac2n05x5,363
ec0lsn000ac2n06x5,2185
ec0lsn000ac2n08x5,195
ec0lsn000ac2n09x5,44
ec0lsn000ac2n12x5,191
ec0lsn000ac2n16x5,32
ec0lsn000ac2n24x5,396
ec0lsn000ac2n36x5,48
ec0lsn000ac3n02x3,6987
ec0lsn000ac3n02x5,10171
ec0lsn000ac3n03x3,1156
ec0lsn000ac3n03x5,128
ec0lsn000ac3n04x3,790
ec0lsn000ac3n04x5,3045
ec0lsn000ac3n05x5,303
ec0lsn000ac3n06x5,2182
ec0lsn000ac3n08x5,132
ec0lsn000ac3n09x5,36
ec0lsn000ac3n12x5,171
ec0lsn000ac3n16x5,44
ec0lsn000ac3n24x5,1168
ec0lsn000ac3n36x5,24
ec0lsn000ac4d24x5,12
ec0lsn000ac4n02x3,6968
ec0lsn000ac4n02x5,10395
ec0lsn000ac4n03x3,1159
ec0lsn000ac4n03x5,91
ec0lsn000ac4n04x3,599
ec0lsn000ac4n04x5,2927
ec0lsn000ac4n05x5,424
ec0lsn000ac4n06x5,2405
ec0lsn000ac4n08x5,276
ec0lsn000ac4n09x5,138
ec0lsn000ac4n12x5,205
ec0lsn000ac4n16x5,36
ec0lsn000ac4n24x5,360
ec0lsn000ac4n36x5,4
ec0lsn000al1n02x3,36
ec0lsn000al2n02x3,16
ec0lsn000xb1n02x3,1855
ec0lsn000xb1n02x5,14577
ec0lsn000xb1n03x3,3722
ec0lsn000xb1n03x5,839
ec0lsn000xb1n04x3,160
ec0lsn000xb1n04x5,20989
ec0lsn000xb1n05x5,114
ec0lsn000xb2n02x3,2112
ec0lsn000xb2n02x5,16097
ec0lsn000xb2n03x3,3131
ec0lsn000xb2n03x5,898
ec0lsn000xb2n04x3,272
ec0lsn000xb2n04x5,20321
ec0lsn000xb2n05x5,150
ec0lsn000xb3n02x3,1781
ec0lsn000xb3n02x5,14307
ec0lsn000xb3n03x3,2829
ec0lsn000xb3n03x5,787
ec0lsn000xb3n04x3,264
ec0lsn000xb3n04x5,21033
ec0lsn000xb3n05x5,139
ec0lsn000xb4n02x3,1884
ec0lsn000xb4n02x5,14455
ec0lsn000xb4n03x3,3323
ec0lsn000xb4n03x5,792
ec0lsn000xb4n04x3,152
ec0lsn000xb4n04x5,20241
ec0lsn000xb4n05x5,75
ec0lsn000xc1n02x3,11623
ec0lsn000xc1n02x5,12699
ec0lsn000xc1n03x3,3571
ec0lsn000xc1n03x5,204
ec0lsn000xc1n04x3,173
ec0lsn000xc1n04x5,35053
ec0lsn000xc1n05x5,203
ec0lsn000xc2n02x3,13534
ec0lsn000xc2n02x5,13352
ec0lsn000xc2n03x3,3704
ec0lsn000xc2n03x5,290
ec0lsn000xc2n04x3,164
ec0lsn000xc2n04x5,35580
ec0lsn000xc2n05x5,143
ec0lsn000xc3n02x3,12185
ec0lsn000xc3n02x5,12892
ec0lsn000xc3n03x3,3210
ec0lsn000xc3n03x5,513
ec0lsn000xc3n04x3,153
ec0lsn000xc3n04x5,33921
ec0lsn000xc3n05x5,140
ec0lsn000xc4n02x3,12499
ec0lsn000xc4n02x5,12822
ec0lsn000xc4n03x3,3503
ec0lsn000xc4n03x5,506
ec0lsn000xc4n04x3,293
ec0lsn000xc4n04x5,35028
ec0lsn000xc4n05x5,191
ec0lsn000xl1n02x5,176
ec0lsn000xl2n02x5,164
ec0lsn003ab1n02x5,75
ec0lsn003ab1n03x5,263
ec0lsn003ab1n04x3,327
ec0lsn003ab1n04x5,60
ec0lsn003ab1n05x5,32
ec0lsn003ab1n06x5,114
ec0lsn003ab1n08x5,64
ec0lsn003ab1n09x5,56
ec0lsn003ab1n12x5,150
ec0lsn003ab1n16x5,71
ec0lsn003ab1n24x5,1855
ec0lsn003ab1n32x5,32
ec0lsn003ab1n36x5,27
ec0lsn003ab2n02x5,135
ec0lsn003ab2n03x5,265
ec0lsn003ab2n04x3,247
ec0lsn003ab2n04x5,59
ec0lsn003ab2n05x5,16
ec0lsn003ab2n06x5,160
ec0lsn003ab2n08x5,87
ec0lsn003ab2n09x5,8
ec0lsn003ab2n12x5,131
ec0lsn003ab2n16x5,80
ec0lsn003ab2n24x5,1881
ec0lsn003ab2n32x5,12
ec0lsn003ab2n36x5,40
ec0lsn003ab3n02x5,113
ec0lsn003ab3n03x5,198
ec0lsn003ab3n04x3,270
ec0lsn003ab3n04x5,55
ec0lsn003ab3n05x5,16
ec0lsn003ab3n06x5,194
ec0lsn003ab3n08x5,60
ec0lsn003ab3n12x5,243
ec0lsn003ab3n16x5,52
ec0lsn003ab3n24x5,1630
ec0lsn003ab3n32x5,8
ec0lsn003ab3n36x5,24
ec0lsn003ab4n02x5,150
ec0lsn003ab4n03x5,197
ec0lsn003ab4n04x3,233
ec0lsn003ab4n04x5,72
ec0lsn003ab4n05x5,24
ec0lsn003ab4n06x5,143
ec0lsn003ab4n08x5,51
ec0lsn003ab4n12x5,108
ec0lsn003ab4n16x5,75
ec0lsn003ab4n24x5,1670
ec0lsn003ab4n32x5,20
ec0lsn003ab4n36x5,51
ec0lsn003ac1n02x5,1428
ec0lsn003ac1n03x5,250
ec0lsn003ac1n04x3,263
ec0lsn003ac1n04x5,39
ec0lsn003ac1n06x5,301
ec0lsn003ac1n08x5,23
ec0lsn003ac1n12x5,28
ec0lsn003ac1n16x5,8
ec0lsn003ac1n24x5,12
ec0lsn003ac2n02x5,1427
ec0lsn003ac2n03x5,258
ec0lsn003ac2n04x3,130
ec0lsn003ac2n04x5,16
ec0lsn003ac2n05x5,32
ec0lsn003ac2n06x5,342
ec0lsn003ac2n09x5,28
ec0lsn003ac2n12x5,28
ec0lsn003ac3n02x5,1259
ec0lsn003ac3n03x5,244
ec0lsn003ac3n04x3,314
ec0lsn003ac3n04x5,59
ec0lsn003ac3n05x5,24
ec0lsn003ac3n06x5,399
ec0lsn003ac3n08x5,24
ec0lsn003ac3n09x5,20
ec0lsn003ac3n12x5,36
ec0lsn003ac3n16x5,12
ec0lsn003ac4n02x5,1351
ec0lsn003ac4n03x5,262
ec0lsn003ac4n04x3,183
ec0lsn003ac4n04x5,8
ec0lsn003ac4n05x5,40
ec0lsn003ac4n06x5,329
ec0lsn003ac4n12x5,32
ec0lsn040ab1n02x5,16
ec0lsn040ab1n03x5,8
ec0lsn040ab1n04x5,15
ec0lsn040ab1n09x5,8
ec0lsn040ab2n12x5,12
ec0lsn040ab3n02x5,8
ec0lsn040ab3n09x5,12
ec0lsn040ab4n03x5,24
ec0lsn040ab4n05x5,15
ec0lsn040ac1n02x5,2997
ec0lsn040ac1n03x5,96
ec0lsn040ac1n04x3,153
ec0lsn040ac1n04x5,8
ec0lsn040ac1n06x5,4
ec0lsn040ac1n24x5,8
ec0lsn040ac2n02x5,2724
ec0lsn040ac2n03x5,124
ec0lsn040ac2n04x3,234
ec0lsn040ac2n04x5,16
ec0lsn040ac2n06x5,4
ec0lsn040ac3n02x5,2758
ec0lsn040ac3n03x5,96
ec0lsn040ac3n04x3,98
ec0lsn040ac3n04x5,4
ec0lsn040ac4n02x5,3483
ec0lsn040ac4n03x5,128
ec0lsn040ac4n04x3,159
ec0lsn040ac4n04x5,24
ec0lsn043ab1n02x5,4
ec0lsn043ab1n04x5,4
ec0lsn043ab4n02x5,4
ec0lsn043ac1n02x5,144
ec0lsn043ac1n04x5,48
ec0lsn043ac2n02x5,104
ec0lsn043ac2n03x5,16
ec0lsn043ac2n04x5,32
ec0lsn043ac2n05x5,4
ec0lsn043ac3n02x5,76
ec0lsn043ac3n03x5,8
ec0lsn043ac3n04x5,48
ec0lsn043ac3n05x5,8
ec0lsn043ac4n02x5,172
ec0lsn043ac4n03x5,4
ec0lsn043ac4n04x5,40
ec0lsn043ac4n06x5,4
ec0lsn043ac4n24x5,4
ec0lsn080ab1d05x5,391
ec0lsn080ab1d24x5,12
ec0lsn080ab1n02x3,12
ec0lsn080ab1n02x5,428
ec0lsn080ab1n03x3,196
ec0lsn080ab1n03x5,348
ec0lsn080ab1n04x3,8
ec0lsn080ab1n04x5,308
ec0lsn080ab1n05x5,60
ec0lsn080ab1n06x5,449
ec0lsn080ab1n08x5,4
ec0lsn080ab1n09x5,16
ec0lsn080ab1n12x5,44
ec0lsn080ab1n16x5,16
ec0lsn080ab1n36x5,12
ec0lsn080ab2d05x5,434
ec0lsn080ab2d24x5,4
ec0lsn080ab2n02x5,356
ec0lsn080ab2n03x3,191
ec0lsn080ab2n03x5,293
ec0lsn080ab2n04x3,44
ec0lsn080ab2n04x5,133
ec0lsn080ab2n05x5,39
ec0lsn080ab2n06x5,435
ec0lsn080ab2n08x5,61
ec0lsn080ab2n09x5,47
ec0lsn080ab2n12x5,79
ec0lsn080ab2n16x5,20
ec0lsn080ab2n36x5,8
ec0lsn080ab3d05x5,597
ec0lsn080ab3d24x5,23
ec0lsn080ab3n02x3,15
ec0lsn080ab3n02x5,464
ec0lsn080ab3n03x3,116
ec0lsn080ab3n03x5,240
ec0lsn080ab3n04x3,4
ec0lsn080ab3n04x5,310
ec0lsn080ab3n05x5,84
ec0lsn080ab3n06x5,268
ec0lsn080ab3n08x5,80
ec0lsn080ab3n09x5,44
ec0lsn080ab3n12x5,35
ec0lsn080ab3n16x5,44
ec0lsn080ab3n36x5,20
ec0lsn080ab4d05x5,514
ec0lsn080ab4d24x5,20
ec0lsn080ab4n02x5,504
ec0lsn080ab4n03x3,182
ec0lsn080ab4n03x5,263
ec0lsn080ab4n04x3,20
ec0lsn080ab4n04x5,322
ec0lsn080ab4n05x5,71
ec0lsn080ab4n06x5,256
ec0lsn080ab4n08x5,47
ec0lsn080ab4n09x5,16
ec0lsn080ab4n12x5,54
ec0lsn080ab4n16x5,16
ec0lsn080ab4n36x5,23
ec0lsn080ac1d05x5,372
ec0lsn080ac1d24x5,20
ec0lsn080ac1n02x3,1976
ec0lsn080ac1n02x5,81255
ec0lsn080ac1n03x3,11289
ec0lsn080ac1n03x5,2742
ec0lsn080ac1n04x3,516
ec0lsn080ac1n04x5,1123
ec0lsn080ac1n05x5,157
ec0lsn080ac1n06x5,1402
ec0lsn080ac1n08x5,235
ec0lsn080ac1n09x5,124
ec0lsn080ac1n12x5,236
ec0lsn080ac1n16x5,36
ec0lsn080ac1n24x5,8
ec0lsn080ac2d05x5,227
ec0lsn080ac2d24x5,148
ec0lsn080ac2n02x3,2113
ec0lsn080ac2n02x5,52207
ec0lsn080ac2n03x3,11378
ec0lsn080ac2n03x5,3152
ec0lsn080ac2n04x3,552
ec0lsn080ac2n04x5,1107
ec0lsn080ac2n05x5,154
ec0lsn080ac2n06x5,1504
ec0lsn080ac2n08x5,380
ec0lsn080ac2n09x5,52
ec0lsn080ac2n12x5,106
ec0lsn080ac2n16x5,52
ec0lsn080ac2n24x5,16
ec0lsn080ac2n36x5,28
ec0lsn080ac3d05x5,206
ec0lsn080ac3d24x5,60
ec0lsn080ac3n02x3,2158
ec0lsn080ac3n02x5,51758
ec0lsn080ac3n03x3,12430
ec0lsn080ac3n03x5,2544
ec0lsn080ac3n04x3,613
ec0lsn080ac3n04x5,1080
ec0lsn080ac3n05x5,94
ec0lsn080ac3n06x5,1247
ec0lsn080ac3n08x5,375
ec0lsn080ac3n09x5,16
ec0lsn080ac3n12x5,144
ec0lsn080ac3n16x5,80
ec0lsn080ac3n36x5,12
ec0lsn080ac4d05x5,173
ec0lsn080ac4d24x5,60
ec0lsn080ac4n02x3,1992
ec0lsn080ac4n02x5,65386
ec0lsn080ac4n03x3,11106
ec0lsn080ac4n03x5,2880
ec0lsn080ac4n04x3,642
ec0lsn080ac4n04x5,924
ec0lsn080ac4n05x5,91
ec0lsn080ac4n06x5,1412
ec0lsn080ac4n08x5,320
ec0lsn080ac4n09x5,59
ec0lsn080ac4n12x5,135
ec0lsn080ac4n16x5,52
ec0lsn080ac4n36x5,4
ec0lsn080al1n02x3,112
ec0lsn080al1n02x5,32
ec0lsn080al1n03x3,572
ec0lsn080al1n03x5,24
ec0lsn080al1n04x3,32
ec0lsn080al1n06x5,16
ec0lsn080al1n09x5,8
ec0lsn080al2n02x3,112
ec0lsn080al2n04x3,4
ec0lsn080al2n04x5,8
ec0lsn080an1n03x3,40
ec0lsn080an1n03x5,48
ec0lsn080an1n04x5,12
ec0lsn080an1n05x5,8
ec0lsn080an2n04x5,4
ec0lsn080xb1n02x3,701
ec0lsn080xb1n02x5,879
ec0lsn080xb1n03x3,1001
ec0lsn080xb1n03x5,1395
ec0lsn080xb1n04x3,456
ec0lsn080xb1n04x5,6165
ec0lsn080xb1n05x5,4464
ec0lsn080xb2n02x3,818
ec0lsn080xb2n02x5,663
ec0lsn080xb2n03x3,997
ec0lsn080xb2n03x5,1643
ec0lsn080xb2n04x3,475
ec0lsn080xb2n04x5,5818
ec0lsn080xb2n05x5,4735
ec0lsn080xb3n02x3,768
ec0lsn080xb3n02x5,810
ec0lsn080xb3n03x3,848
ec0lsn080xb3n03x5,1303
ec0lsn080xb3n04x3,482
ec0lsn080xb3n04x5,5708
ec0lsn080xb3n05x5,4345
ec0lsn080xb4n02x3,905
ec0lsn080xb4n02x5,760
ec0lsn080xb4n03x3,964
ec0lsn080xb4n03x5,1209
ec0lsn080xb4n04x3,486
ec0lsn080xb4n04x5,5407
ec0lsn080xb4n05x5,4784
ec0lsn080xc1n02x3,7152
ec0lsn080xc1n02x5,4492
ec0lsn080xc1n03x3,8525
ec0lsn080xc1n03x5,9250
ec0lsn080xc1n04x3,826
ec0lsn080xc1n04x5,1963
ec0lsn080xc1n05x5,2408
ec0lsn080xc2n02x3,6865
ec0lsn080xc2n02x5,5024
ec0lsn080xc2n03x3,8361
ec0lsn080xc2n03x5,8888
ec0lsn080xc2n04x3,1055
ec0lsn080xc2n04x5,2160
ec0lsn080xc2n05x5,2591
ec0lsn080xc3n02x3,6538
ec0lsn080xc3n02x5,6516
ec0lsn080xc3n03x3,8661
ec0lsn080xc3n03x5,8766
ec0lsn080xc3n04x3,766
ec0lsn080xc3n04x5,2131
ec0lsn080xc3n05x5,2654
ec0lsn080xc4n02x3,7137
ec0lsn080xc4n02x5,6612
ec0lsn080xc4n03x3,8888
ec0lsn080xc4n03x5,8444
ec0lsn080xc4n04x3,1019
ec0lsn080xc4n04x5,1932
ec0lsn080xc4n05x5,2579
ec0lsn080xl1n03x3,40
ec0lsn080xl1n03x5,4
ec0lsn080xl1n04x3,16
ec0lsn080xl1n04x5,12
ec0lsn080xl1n05x5,32
ec0lsn080xl2n03x3,12
ec0lsn080xl2n03x5,16
ec0lsn080xl2n04x3,4
ec0lsn080xl2n04x5,8
ec0lsn080xn1n03x3,8
ec0lsn080xn1n05x5,4
ec0lsn080xn2n03x3,4
ec0lsn083ab1n06x5,15
ec0lsn083ab1n16x5,20
ec0lsn083ab1n24x5,20
ec0lsn083ab2n03x5,12
ec0lsn083ab2n24x5,27
ec0lsn083ab3n16x5,38
ec0lsn083ab4n12x5,8
ec0lsn083ab4n24x5,12
ec0lsn083ac1n02x5,56
ec0lsn083ac1n03x5,42
ec0lsn083ac1n04x3,15
ec0lsn083ac2n02x5,97
ec0lsn083ac2n03x5,62
ec0lsn083ac2n04x3,8
ec0lsn083ac3n02x5,146
ec0lsn083ac3n03x5,108
ec0lsn083ac3n06x5,12
ec0lsn083ac4n02x5,77
ec0lsn083ac4n03x5,15
ec0lsn200ab1d02x3,410
ec0lsn200ab1d02x5,347
ec0lsn200ab1d03x3,20
ec0lsn200ab1d03x5,68
ec0lsn200ab1d04x3,23
ec0lsn200ab1d04x5,47
ec0lsn200ab1d05x5,40
ec0lsn200ab1d06x5,552
ec0lsn200ab1d09x5,1493
ec0lsn200ab1d12x5,901
ec0lsn200ab1d16x5,634
ec0lsn200ab1d24x5,251
ec0lsn200ab1d36x5,1144
ec0lsn200ab2d02x3,308
ec0lsn200ab2d02x5,291
ec0lsn200ab2d03x3,43
ec0lsn200ab2d03x5,51
ec0lsn200ab2d04x5,40
ec0lsn200ab2d05x5,194
ec0lsn200ab2d06x5,635
ec0lsn200ab2d09x5,1637
ec0lsn200ab2d12x5,1264
ec0lsn200ab2d16x5,506
ec0lsn200ab2d24x5,231
ec0lsn200ab2d36x5,938
ec0lsn200ab3d02x3,687
ec0lsn200ab3d02x5,470
ec0lsn200ab3d03x3,32
ec0lsn200ab3d03x5,110
ec0lsn200ab3d04x3,43
ec0lsn200ab3d04x5,72
ec0lsn200ab3d05x5,80
ec0lsn200ab3d06x5,459
ec0lsn200ab3d09x5,1706
ec0lsn200ab3d12x5,1096
ec0lsn200ab3d16x5,581
ec0lsn200ab3d24x5,259
ec0lsn200ab3d36x5,871
ec0lsn200ab4d02x3,394
ec0lsn200ab4d02x5,399
ec0lsn200ab4d03x3,32
ec0lsn200ab4d03x5,150
ec0lsn200ab4d04x3,32
ec0lsn200ab4d04x5,52
ec0lsn200ab4d05x5,96
ec0lsn200ab4d06x5,521
ec0lsn200ab4d09x5,1843
ec0lsn200ab4d12x5,1464
ec0lsn200ab4d16x5,571
ec0lsn200ab4d24x5,336
ec0lsn200ab4d36x5,834
ec0lsn200ac1d02x3,16151
ec0lsn200ac1d02x5,121594
ec0lsn200ac1d03x3,2739
ec0lsn200ac1d03x5,5958
ec0lsn200ac1d04x3,116
ec0lsn200ac1d04x5,417
ec0lsn200ac1d05x5,77
ec0lsn200ac1d06x5,108
ec0lsn200ac1d09x5,183
ec0lsn200ac1d12x5,203
ec0lsn200ac1d16x5,16
ec0lsn200ac1d24x5,4
ec0lsn200ac2d02x3,16223
ec0lsn200ac2d02x5,108364
ec0lsn200ac2d03x3,2019
ec0lsn200ac2d03x5,5883
ec0lsn200ac2d04x3,90
ec0lsn200ac2d04x5,439
ec0lsn200ac2d05x5,52
ec0lsn200ac2d06x5,189
ec0lsn200ac2d09x5,163
ec0lsn200ac2d12x5,267
ec0lsn200ac2d16x5,36
ec0lsn200ac3d02x3,17381
ec0lsn200ac3d02x5,120495
ec0lsn200ac3d03x3,2466
ec0lsn200ac3d03x5,5326
ec0lsn200ac3d04x3,95
ec0lsn200ac3d04x5,331
ec0lsn200ac3d05x5,42
ec0lsn200ac3d06x5,176
ec0lsn200ac3d09x5,277
ec0lsn200ac3d12x5,282
ec0lsn200ac3d16x5,32
ec0lsn200ac3d36x5,15
ec0lsn200ac4d02x3,16717
ec0lsn200ac4d02x5,108820
ec0lsn200ac4d03x3,2675
ec0lsn200ac4d03x5,5452
ec0lsn200ac4d04x3,134
ec0lsn200ac4d04x5,427
ec0lsn200ac4d05x5,24
ec0lsn200ac4d06x5,158
ec0lsn200ac4d09x5,282
ec0lsn200ac4d12x5,233
ec0lsn200ac4d16x5,42
ec0lsn200xb1d02x5,942
ec0lsn200xb1d03x5,442
ec0lsn200xb1d04x5,1016
ec0lsn200xb2d02x5,917
ec0lsn200xb2d03x5,553
ec0lsn200xb2d04x5,882
ec0lsn200xb3d02x5,951
ec0lsn200xb3d03x5,403
ec0lsn200xb3d04x5,1050
ec0lsn200xb4d02x5,674
ec0lsn200xb4d03x5,588
ec0lsn200xb4d04x5,970
ec0lsn200xc1d02x5,98035
ec0lsn200xc1d03x5,81494
ec0lsn200xc1d04x5,1429
ec0lsn200xc2d02x5,95206
ec0lsn200xc2d03x5,98369
ec0lsn200xc2d04x5,889
ec0lsn200xc3d02x5,86390
ec0lsn200xc3d03x5,94868
ec0lsn200xc3d04x5,835
ec0lsn200xc4d02x5,109380
ec0lsn200xc4d03x5,100034
ec0lsn200xc4d04x5,949
ec0lsn200xl1d02x5,24
ec0lsn240ab1d02x5,20
ec0lsn240ab1d03x5,4
ec0lsn240ab1d12x5,8
ec0lsn240ab2d02x5,8
ec0lsn240ab2d12x5,12
ec0lsn240ab3d02x5,36
ec0lsn240ab3d12x5,4
ec0lsn240ab4d02x5,8
ec0lsn240ab4d12x5,8
ec0lsn240ac1d02x5,1690
ec0lsn240ac1d03x5,16
ec0lsn240ac1d04x5,44
ec0lsn240ac1d06x5,4
ec0lsn240ac2d02x5,1636
ec0lsn240ac2d03x5,12
ec0lsn240ac2d04x5,44
ec0lsn240ac2d06x5,12
ec0lsn240ac3d02x5,1578
ec0lsn240ac3d03x5,4
ec0lsn240ac3d04x5,16
ec0lsn240ac3d06x5,16
ec0lsn240ac4d02x5,1540
ec0lsn240ac4d03x5,16
ec0lsn240ac4d04x5,56
ec0lsn240ac4d06x5,20
ec0lsn280ab1d03x3,4
ec0lsn280ab1d04x5,12
ec0lsn280ab1d06x5,16
ec0lsn280ab2d02x3,8
ec0lsn280ab2d04x5,8
ec0lsn280ab2d09x5,12
ec0lsn280ab3d02x5,8
ec0lsn280ab3d03x3,8
ec0lsn280ab3d04x5,20
ec0lsn280ab3d06x5,12
ec0lsn280ab3d09x5,12
ec0lsn280ab4d04x5,8
ec0lsn280ab4d06x5,12
ec0lsn280ac1d02x3,3385
ec0lsn280ac1d02x5,80
ec0lsn280ac1d03x3,7026
ec0lsn280ac1d03x5,517
ec0lsn280ac1d04x3,48
ec0lsn280ac1d04x5,144
ec0lsn280ac1d05x5,79
ec0lsn280ac1d06x5,148
ec0lsn280ac1d09x5,48
ec0lsn280ac2d02x3,3994
ec0lsn280ac2d02x5,44
ec0lsn280ac2d03x3,6520
ec0lsn280ac2d03x5,436
ec0lsn280ac2d04x3,16
ec0lsn280ac2d04x5,164
ec0lsn280ac2d05x5,60
ec0lsn280ac2d06x5,120
ec0lsn280ac2d09x5,92
ec0lsn280ac2d12x5,4
ec0lsn280ac2d16x5,4
ec0lsn280ac3d02x3,3288
ec0lsn280ac3d02x5,136
ec0lsn280ac3d03x3,6926
ec0lsn280ac3d03x5,514
ec0lsn280ac3d04x3,32
ec0lsn280ac3d04x5,140
ec0lsn280ac3d05x5,28
ec0lsn280ac3d06x5,119
ec0lsn280ac3d09x5,72
ec0lsn280ac4d02x3,3542
ec0lsn280ac4d02x5,108
ec0lsn280ac4d03x3,6550
ec0lsn280ac4d03x5,428
ec0lsn280ac4d04x3,20
ec0lsn280ac4d04x5,164
ec0lsn280ac4d05x5,40
ec0lsn280ac4d06x5,104
ec0lsn280ac4d09x5,84
ec0lsn280ac4d12x5,12
ec0lsn280ac4d16x5,4
ec0lsn280al1d02x3,1916
ec0lsn280al1d03x3,1908
ec0lsn280al1d03x5,468
ec0lsn280xb2d03x5,4
ec0lsn280xb2d04x5,20
ec0lsn280xb3d02x5,4
ec0lsn280xb3d03x5,16
ec0lsn280xb3d04x5,4
ec0lsn280xb4d03x5,12
ec0lsn280xb4d04x5,4
ec0lsn280xc1d02x5,266
ec0lsn280xc1d03x5,259
ec0lsn280xc1d04x5,8
ec0lsn280xc2d02x5,240
ec0lsn280xc2d03x5,252
ec0lsn280xc2d04x5,24
ec0lsn280xc3d02x5,319
ec0lsn280xc3d03x5,266
ec0lsn280xc3d04x5,12
ec0lsn280xc4d02x5,324
ec0lsn280xc4d03x5,276
ec0lsn280xc4d04x5,12
ec0lsn400ac1d02x5,10004
ec0lsn400ac1d04x5,100
ec0lsn400ac2d02x5,14408
ec0lsn400ac2d04x5,200
ec0lsn400ac3d02x5,10464
ec0lsn400ac3d04x5,116
ec0lsn400ac4d02x5,14104
ec0lsn400ac4d04x5,268
ec0lsn480ac1d02x5,128
ec0lsn480ac1d04x5,32
ec0lsn480ac2d02x5,116
ec0lsn480ac2d04x5,16
ec0lsn480ac3d02x5,172
ec0lsn480ac3d04x5,24
ec0lsn480ac4d02x5,116
ec0lsn480ac4d04x5,8
ec0lsw000ab1d02x5,2999
ec0lsw000ab1d03x5,854
ec0lsw000ab1d04x5,2439
ec0lsw000ab1d06x5,6959
ec0lsw000ab1d08x5,1087
ec0lsw000ab1d12x5,5954
ec0lsw000ab1d16x5,2867
ec0lsw000ab1d24x5,1702
ec0lsw000ab2d02x5,3130
ec0lsw000ab2d03x5,1297
ec0lsw000ab2d04x5,2699
ec0lsw000ab2d06x5,8172
ec0lsw000ab2d08x5,1237
ec0lsw000ab2d12x5,6492
ec0lsw000ab2d16x5,3381
ec0lsw000ab2d24x5,2024
ec0lsw000ab3d02x5,2930
ec0lsw000ab3d03x5,1144
ec0lsw000ab3d04x5,2187
ec0lsw000ab3d06x5,6459
ec0lsw000ab3d08x5,1169
ec0lsw000ab3d12x5,5998
ec0lsw000ab3d16x5,3242
ec0lsw000ab3d24x5,1676
ec0lsw000ab4d02x5,3855
ec0lsw000ab4d03x5,1529
ec0lsw000ab4d04x5,2848
ec0lsw000ab4d06x5,8476
ec0lsw000ab4d08x5,1409
ec0lsw000ab4d12x5,7292
ec0lsw000ab4d16x5,3341
ec0lsw000ab4d24x5,1895
ec0lsw000ac1d02x5,8991
ec0lsw000ac1d03x5,9368
ec0lsw000ac1d04x5,7228
ec0lsw000ac1d06x5,6633
ec0lsw000ac1d08x5,960
ec0lsw000ac1d12x5,970
ec0lsw000ac1d16x5,505
ec0lsw000ac1d24x5,354
ec0lsw000ac2d02x5,9834
ec0lsw000ac2d03x5,9686
ec0lsw000ac2d04x5,8717
ec0lsw000ac2d06x5,7535
ec0lsw000ac2d08x5,723
ec0lsw000ac2d12x5,587
ec0lsw000ac2d16x5,289
ec0lsw000ac2d24x5,175
ec0lsw000ac3d02x5,9171
ec0lsw000ac3d03x5,9955
ec0lsw000ac3d04x5,8122
ec0lsw000ac3d06x5,6508
ec0lsw000ac3d08x5,507
ec0lsw000ac3d12x5,432
ec0lsw000ac3d16x5,361
ec0lsw000ac3d24x5,172
ec0lsw000ac4d02x5,10504
ec0lsw000ac4d03x5,10255
ec0lsw000ac4d04x5,8220
ec0lsw000ac4d06x5,7358
ec0lsw000ac4d08x5,601
ec0lsw000ac4d12x5,627
ec0lsw000ac4d16x5,204
ec0lsw000ac4d24x5,152
ec0lsw000xb1d02x5,41742
ec0lsw000xb1d03x5,22007
ec0lsw000xb1d04x5,657
ec0lsw000xb1d06x5,9258
ec0lsw000xb1d08x5,236
ec0lsw000xb1d12x5,3924
ec0lsw000xb1d16x5,508
ec0lsw000xb1d24x5,348
ec0lsw000xb2d02x5,42476
ec0lsw000xb2d03x5,21755
ec0lsw000xb2d04x5,574
ec0lsw000xb2d06x5,10428
ec0lsw000xb2d08x5,284
ec0lsw000xb2d12x5,4124
ec0lsw000xb2d16x5,308
ec0lsw000xb2d24x5,302
ec0lsw000xb3d02x5,38497
ec0lsw000xb3d03x5,19578
ec0lsw000xb3d04x5,656
ec0lsw000xb3d06x5,8360
ec0lsw000xb3d08x5,244
ec0lsw000xb3d12x5,3848
ec0lsw000xb3d16x5,564
ec0lsw000xb3d24x5,306
ec0lsw000xb4d02x5,37891
ec0lsw000xb4d03x5,19567
ec0lsw000xb4d04x5,593
ec0lsw000xb4d06x5,8403
ec0lsw000xb4d08x5,264
ec0lsw000xb4d12x5,4172
ec0lsw000xb4d16x5,388
ec0lsw000xb4d24x5,510
ec0lsw000xc1d02x5,44832
ec0lsw000xc1d03x5,128572
ec0lsw000xc1d04x5,2387
ec0lsw000xc1d06x5,3464
ec0lsw000xc1d08x5,224
ec0lsw000xc1d12x5,1708
ec0lsw000xc1d16x5,676
ec0lsw000xc1d24x5,3996
ec0lsw000xc2d02x5,44688
ec0lsw000xc2d03x5,126283
ec0lsw000xc2d04x5,1995
ec0lsw000xc2d06x5,3759
ec0lsw000xc2d08x5,292
ec0lsw000xc2d12x5,1824
ec0lsw000xc2d16x5,740
ec0lsw000xc2d24x5,4056
ec0lsw000xc3d02x5,43634
ec0lsw000xc3d03x5,117851
ec0lsw000xc3d04x5,2047
ec0lsw000xc3d06x5,3767
ec0lsw000xc3d08x5,288
ec0lsw000xc3d12x5,1808
ec0lsw000xc3d16x5,784
ec0lsw000xc3d24x5,3260
ec0lsw000xc4d02x5,44353
ec0lsw000xc4d03x5,117653
ec0lsw000xc4d04x5,1853
ec0lsw000xc4d06x5,4008
ec0lsw000xc4d08x5,280
ec0lsw000xc4d12x5,1912
ec0lsw000xc4d16x5,912
ec0lsw000xc4d24x5,3940
ec0lsw040ab1d02x5,165
ec0lsw040ab1d03x5,696
ec0lsw040ab1d04x5,700
ec0lsw040ab1d06x5,240
ec0lsw040ab1d12x5,15
ec0lsw040ab1d16x5,15
ec0lsw040ab2d02x5,210
ec0lsw040ab2d04x5,1578
ec0lsw040ab2d06x5,169
ec0lsw040ab2d08x5,27
ec0lsw040ab2d12x5,30
ec0lsw040ab2d16x5,15
ec0lsw040ab2d24x5,15
ec0lsw040ab3d02x5,180
ec0lsw040ab3d04x5,1217
ec0lsw040ab3d06x5,98
ec0lsw040ab3d12x5,60
ec0lsw040ab3d16x5,60
ec0lsw040ab4d02x5,510
ec0lsw040ab4d04x5,1731
ec0lsw040ab4d06x5,226
ec0lsw040ab4d08x5,23
ec0lsw040ab4d12x5,90
ec0lsw040ab4d16x5,45
ec0lsw040ac1d02x5,4700
ec0lsw040ac1d03x5,807
ec0lsw040ac1d04x5,1332
ec0lsw040ac1d06x5,394
ec0lsw040ac1d08x5,72
ec0lsw040ac1d16x5,30
ec0lsw040ac2d02x5,6328
ec0lsw040ac2d03x5,934
ec0lsw040ac2d04x5,1816
ec0lsw040ac2d06x5,936
ec0lsw040ac2d08x5,128
ec0lsw040ac3d02x5,4981
ec0lsw040ac3d03x5,822
ec0lsw040ac3d04x5,1342
ec0lsw040ac3d06x5,411
ec0lsw040ac3d08x5,92
ec0lsw040ac3d16x5,15
ec0lsw040ac4d02x5,6049
ec0lsw040ac4d03x5,922
ec0lsw040ac4d04x5,1904
ec0lsw040ac4d06x5,821
ec0lsw040ac4d08x5,136
ec0lsw040ac4d12x5,8
ec0lsw040xb1d02x5,4020
ec0lsw040xb1d03x5,352
ec0lsw040xb1d04x5,335
ec0lsw040xb1d06x5,283
ec0lsw040xb1d12x5,8
ec0lsw040xb2d02x5,3683
ec0lsw040xb2d03x5,344
ec0lsw040xb2d04x5,461
ec0lsw040xb2d06x5,402
ec0lsw040xb2d12x5,8
ec0lsw040xb2d16x5,16
ec0lsw040xb3d02x5,3300
ec0lsw040xb3d03x5,455
ec0lsw040xb3d04x5,487
ec0lsw040xb3d06x5,255
ec0lsw040xb3d16x5,28
ec0lsw040xb4d02x5,3630
ec0lsw040xb4d03x5,368
ec0lsw040xb4d04x5,456
ec0lsw040xb4d06x5,347
ec0lsw040xb4d08x5,4
ec0lsw040xb4d12x5,16
ec0lsw040xb4d16x5,48
ec0lsw040xc1d02x5,39413
ec0lsw040xc1d03x5,1146
ec0lsw040xc1d04x5,40735
ec0lsw040xc1d06x5,461
ec0lsw040xc1d08x5,4
ec0lsw040xc1d12x5,60
ec0lsw040xc1d24x5,48
ec0lsw040xc2d02x5,39830
ec0lsw040xc2d03x5,1030
ec0lsw040xc2d04x5,41320
ec0lsw040xc2d06x5,439
ec0lsw040xc2d08x5,16
ec0lsw040xc2d12x5,52
ec0lsw040xc2d24x5,84
ec0lsw040xc3d02x5,39116
ec0lsw040xc3d03x5,1188
ec0lsw040xc3d04x5,41409
ec0lsw040xc3d06x5,430
ec0lsw040xc3d08x5,12
ec0lsw040xc3d12x5,76
ec0lsw040xc3d24x5,48
ec0lsw040xc4d02x5,39513
ec0lsw040xc4d03x5,1151
ec0lsw040xc4d04x5,40919
ec0lsw040xc4d06x5,419
ec0lsw040xc4d08x5,8
ec0lsw040xc4d12x5,20
ec0lsw040xc4d16x5,20
